Code, Label, LangCode
"364", "AAAID", "EN"
"464", "ACC", "EN"
"414", "ACP Africa", "EN"
"416", "ACP Caribbean", "EN"
"417", "ACP Pacific", "EN"
"363", "ACS", "EN"
"2", "Afghanistan", "EN"
"359", "Africa", "EN"
"5100", "Africa", "EN"
"369", "Africa (Former)", "EN"
"340", "Africa Developed", "EN"
"309", "Africa Developing", "EN"
"390", "Africa South of Sahara", "EN"
"5809", "Africa South of Sahara (exc S Africa)", "EN"
"5810", "Africa South of Sahara (inc S Africa)", "EN"
"413", "Africa,Caribb,Pacific St", "EN"
"5705", "African Developed Countries (None)", "EN"
"5804", "African Developing Countries", "EN"
"3", "Albania", "EN"
"4", "Algeria", "EN"
"5701", "American Developed Countries", "EN"
"5805", "American Developing Countries", "EN"
"5", "American Samoa", "EN"
"5200", "Americas", "EN"
"395", "ANCOM", "EN"
"6", "Andorra", "EN"
"7", "Angola", "EN"
"258", "Anguilla", "EN"
"5600", "Antarctic Region", "EN"
"30", "Antarctica", "EN"
"8", "Antigua and Barbuda", "EN"
"454", "Arab Maghreb Union", "EN"
"9", "Argentina", "EN"
"1", "Armenia", "EN"
"22", "Aruba", "EN"
"412", "ASEAN", "EN"
"360", "Asia", "EN"
"5300", "Asia", "EN"
"423", "Asia & the Pacific", "EN"
"370", "Asia (Former)", "EN"
"870", "Asia (Former) (inc 351)", "EN"
"860", "Asia (inc 351)", "EN"
"802", "Asia (inc 357)", "EN"
"5837", "Asia - Pacific", "EN"
"343", "Asia Developed", "EN"
"347", "Asia Developing", "EN"
"847", "Asia Developing (inc 351)", "EN"
"5703", "Asian Developed Countries (Japan)", "EN"
"5806", "Asian Developing Countries", "EN"
"10", "Australia", "EN"
"5501", "Australia & New Zealand", "EN"
"11", "Austria", "EN"
"52", "Azerbaijan", "EN"
"12", "Bahamas", "EN"
"13", "Bahrain", "EN"
"308", "Baltic Assembly", "EN"
"16", "Bangladesh", "EN"
"14", "Barbados", "EN"
"57", "Belarus", "EN"
"255", "Belgium", "EN"
"15", "Belgium-Luxembourg", "EN"
"23", "Belize", "EN"
"53", "Benin", "EN"
"17", "Bermuda", "EN"
"18", "Bhutan", "EN"
"19", "Bolivia (Plurinational State of)", "EN"
"80", "Bosnia and Herzegovina", "EN"
"20", "Botswana", "EN"
"31", "Bouvet Island", "EN"
"21", "Brazil", "EN"
"24", "British Indian Ocean Territory", "EN"
"239", "British Virgin Islands", "EN"
"26", "Brunei Darussalam", "EN"
"367", "BSEC", "EN"
"27", "Bulgaria", "EN"
"233", "Burkina Faso", "EN"
"29", "Burundi", "EN"
"399", "CACEU", "EN"
"393", "CACM", "EN"
"408", "CAEU", "EN"
"115", "Cambodia", "EN"
"32", "Cameroon", "EN"
"33", "Canada", "EN"
"34", "Canton and Enderbury Islands", "EN"
"35", "Cape Verde", "EN"
"317", "Caribbean", "EN"
"5206", "Caribbean", "EN"
"394", "CARICOM", "EN"
"396", "CARICOM exc Haiti", "EN"
"389", "CARIFORUM", "EN"
"387", "CARIFORUM exc Haiti", "EN"
"36", "Cayman Islands", "EN"
"431", "CEFTA", "EN"
"436", "CenAfr Econ&Monet Un", "EN"
"312", "Central Africa", "EN"
"37", "Central African Republic", "EN"
"328", "Central Amer & Caribbean", "EN"
"316", "Central America", "EN"
"5204", "Central America", "EN"
"5301", "Central Asia", "EN"
"5833", "Central Asia", "EN"
"39", "Chad", "EN"
"259", "Channel Islands", "EN"
"40", "Chile", "EN"
"351", "China", "EN"
"357", "China", "EN"
"265", "China ex.int", "EN"
"96", "China, Hong Kong SAR", "EN"
"128", "China, Macao SAR", "EN"
"41", "China, mainland", "EN"
"214", "China, Taiwan Province of", "EN"
"42", "Christmas Island", "EN"
"457", "CILSS", "EN"
"5808", "CIS in Asia", "EN"
"43", "Cocos (Keeling) Islands", "EN"
"44", "Colombia", "EN"
"460", "Com Mkt East&Southrn Afr", "EN"
"435", "Com Sahel-Saharan Sts", "EN"
"474", "Comm Independent States", "EN"
"45", "Comoros", "EN"
"46", "Congo", "EN"
"47", "Cook Islands", "EN"
"48", "Costa Rica", "EN"
"107", "Côte d'Ivoire", "EN"
"98", "Croatia", "EN"
"49", "Cuba", "EN"
"50", "Cyprus", "EN"
"167", "Czech Republic", "EN"
"473", "Czechosl, Former Area of", "EN"
"51", "Czechoslovakia", "EN"
"116", "Democratic People's Republic of Korea", "EN"
"250", "Democratic Republic of the Congo", "EN"
"54", "Denmark", "EN"
"354", "Developed Countries", "EN"
"5836", "Developed Countries", "EN"
"355", "Developing Countries", "EN"
"5830", "Developing Countries", "EN"
"72", "Djibouti", "EN"
"55", "Dominica", "EN"
"56", "Dominican Republic", "EN"
"804", "E SEAsia&Chn (inc 357)", "EN"
"424", "E&SE Asia, China & Japan", "EN"
"324", "East and Southeast Asia", "EN"
"337", "East and Southeast Asia", "EN"
"5834", "East Asia", "EN"
"332", "East&SEast Asia & China", "EN"
"832", "East&SEast Asia & China (inc 351)", "EN"
"5812", "East-SouthEastAsia(excl China)", "EN"
"5813", "East-SouthEastAsia(incl China)", "EN"
"313", "Eastern Africa", "EN"
"5101", "Eastern Africa", "EN"
"5302", "Eastern Asia", "EN"
"334", "Eastern Europe", "EN"
"5401", "Eastern Europe", "EN"
"262", "EC (Commnty)", "EN"
"438", "ECA", "EN"
"441", "ECE", "EN"
"456", "ECGL", "EN"
"439", "ECLAC", "EN"
"432", "ECO", "EN"
"455", "Econ Com Cent Afr States", "EN"
"458", "Econ Com Wafrican States", "EN"
"58", "Ecuador", "EN"
"477", "EFTA", "EN"
"59", "Egypt", "EN"
"60", "El Salvador", "EN"
"61", "Equatorial Guinea", "EN"
"178", "Eritrea", "EN"
"345", "ESCAP", "EN"
"440", "ESCWA", "EN"
"63", "Estonia", "EN"
"238", "Ethiopia", "EN"
"62", "Ethiopia PDR", "EN"
"468", "Ethiopia, Former Area of", "EN"
"261", "EU(12)ex.int", "EN"
"266", "EU(15)ex.int", "EN"
"268", "EU(25)ex.int", "EN"
"269", "EU(27)ex.int", "EN"
"361", "Europe", "EN"
"5400", "Europe", "EN"
"329", "Europe & Baltic States", "EN"
"425", "Europe & Israel", "EN"
"371", "Europe (Former)", "EN"
"427", "Europe, Non-EU (15) Countries", "EN"
"5702", "European Developed Countries", "EN"
"5706", "European Union", "EN"
"304", "European Union (12)", "EN"
"305", "European Union (15)", "EN"
"450", "European Union (25)", "EN"
"451", "European Union (27)", "EN"
"65", "Falkland Islands (Malvinas)", "EN"
"476", "FAO Member Nations", "EN"
"322", "Far East", "EN"
"349", "Far East & Oceania", "EN"
"849", "Far East & Oceania (inc 351)", "EN"
"805", "Far East & Oceania (inc 357)", "EN"
"822", "Far East (inc 351)", "EN"
"803", "Far East (inc 357)", "EN"
"64", "Faroe Islands", "EN"
"66", "Fiji", "EN"
"67", "Finland", "EN"
"341", "Former centrally planned economies", "EN"
"68", "France", "EN"
"69", "French Guiana", "EN"
"70", "French Polynesia", "EN"
"71", "French Southern and Antarctic Territories", "EN"
"74", "Gabon", "EN"
"75", "Gambia", "EN"
"76", "Gaza Strip (Palestine)", "EN"
"73", "Georgia", "EN"
"79", "Germany", "EN"
"78", "Germany Fr", "EN"
"77", "Germany Nl", "EN"
"81", "Ghana", "EN"
"82", "Gibraltar", "EN"
"84", "Greece", "EN"
"85", "Greenland", "EN"
"86", "Grenada", "EN"
"449", "GRULA", "EN"
"87", "Guadeloupe", "EN"
"88", "Guam", "EN"
"89", "Guatemala", "EN"
"274", "Guernsey", "EN"
"90", "Guinea", "EN"
"175", "Guinea-Bissau", "EN"
"465", "Gulf Cooperation Council", "EN"
"91", "Guyana", "EN"
"93", "Haiti", "EN"
"92", "Heard and McDonald Islands", "EN"
"94", "Holy See", "EN"
"95", "Honduras", "EN"
"97", "Hungary", "EN"
"99", "Iceland", "EN"
"100", "India", "EN"
"101", "Indonesia", "EN"
"331", "Industrialized Countries", "EN"
"307", "Intergvt Author Devpment", "EN"
"365", "IORARC", "EN"
"102", "Iran (Islamic Republic of)", "EN"
"103", "Iraq", "EN"
"104", "Ireland", "EN"
"264", "Isle of Man", "EN"
"105", "Israel", "EN"
"106", "Italy", "EN"
"109", "Jamaica", "EN"
"110", "Japan", "EN"
"111", "Johnston Island", "EN"
"112", "Jordan", "EN"
"108", "Kazakhstan", "EN"
"114", "Kenya", "EN"
"83", "Kiribati", "EN"
"118", "Kuwait", "EN"
"113", "Kyrgyzstan", "EN"
"391", "LAES", "EN"
"462", "LAIA", "EN"
"402", "Land Locked Developing Countries", "EN"
"5802", "Land Locked Developing Countries", "EN"
"120", "Lao People's Democratic Republic", "EN"
"350", "LAS", "EN"
"348", "Latin America", "EN"
"315", "Latin America & Caribbean", "EN"
"5205", "Latin America & Caribbean", "EN"
"119", "Latvia", "EN"
"415", "Least Developed Countries", "EN"
"5801", "Least Developed Countries", "EN"
"121", "Lebanon", "EN"
"122", "Lesotho", "EN"
"123", "Liberia", "EN"
"124", "Libyan Arab Jamahiriya", "EN"
"125", "Liechtenstein", "EN"
"126", "Lithuania", "EN"
"5815", "Low Income Food Deficit Countries", "EN"
"426", "Low-Income Countries", "EN"
"376", "Low-Income Food Deficit", "EN"
"876", "Low-Income Food Deficit", "EN"
"442", "LOWA", "EN"
"256", "Luxembourg", "EN"
"129", "Madagascar", "EN"
"130", "Malawi", "EN"
"131", "Malaysia", "EN"
"132", "Maldives", "EN"
"133", "Mali", "EN"
"134", "Malta", "EN"
"127", "Marshall Islands", "EN"
"135", "Martinique", "EN"
"136", "Mauritania", "EN"
"137", "Mauritius", "EN"
"270", "Mayotte", "EN"
"5502", "Melanesia", "EN"
"433", "MERCOSUR", "EN"
"138", "Mexico", "EN"
"5503", "Micronesia", "EN"
"145", "Micronesia (Federated States of)", "EN"
"5102", "Middle Africa", "EN"
"139", "Midway Island", "EN"
"140", "Monaco", "EN"
"141", "Mongolia", "EN"
"273", "Montenegro", "EN"
"142", "Montserrat", "EN"
"143", "Morocco", "EN"
"144", "Mozambique", "EN"
"28", "Myanmar", "EN"
"147", "Namibia", "EN"
"148", "Nauru", "EN"
"319", "Near East", "EN"
"5811", "Near East (in Asia and Africa)", "EN"
"325", "Near East and North Africa", "EN"
"5814", "Near East and North Africa", "EN"
"320", "Near East In Africa", "EN"
"321", "Near East In Asia", "EN"
"422", "Near East in Asia(Other)", "EN"
"149", "Nepal", "EN"
"401", "Net Food Importing Developing Countries", "EN"
"5817", "Net Food Importing Developing Countries", "EN"
"150", "Netherlands", "EN"
"151", "Netherlands Antilles", "EN"
"152", "Neutral Zone", "EN"
"153", "New Caledonia", "EN"
"156", "New Zealand", "EN"
"157", "Nicaragua", "EN"
"158", "Niger", "EN"
"159", "Nigeria", "EN"
"160", "Niue", "EN"
"161", "Norfolk Island", "EN"
"336", "North & Central America", "EN"
"421", "North Africa", "EN"
"330", "North Am Free Trade Agr", "EN"
"428", "North America", "EN"
"5201", "North America", "EN"
"302", "North America Developed", "EN"
"326", "North America Developing", "EN"
"310", "North Western Africa", "EN"
"5103", "Northern Africa", "EN"
"5203", "Northern America", "EN"
"5402", "Northern Europe", "EN"
"163", "Northern Mariana Islands", "EN"
"162", "Norway", "EN"
"452", "OAPEC", "EN"
"301", "OAU", "EN"
"299", "Occupied Palestinian Territory", "EN"
"339", "Oceania", "EN"
"5500", "Oceania", "EN"
"306", "Oceanian Developed Countries", "EN"
"5704", "Oceanian Developed Countries", "EN"
"327", "Oceanian Developing Countries", "EN"
"5807", "Oceanian Developing Countries", "EN"
"463", "OECS", "EN"
"446", "OIC", "EN"
"221", "Oman", "EN"
"388", "OPEC", "EN"
"504", "OPEC", "EN"
"342", "Org Econ Coop & Develop", "EN"
"358", "Other Developed Countries", "EN"
"503", "Other Donors", "EN"
"254", "Others (adjustment)", "EN"
"5835", "Pacific Islands", "EN"
"164", "Pacific Islands Trust Territory", "EN"
"165", "Pakistan", "EN"
"180", "Palau", "EN"
"166", "Panama", "EN"
"168", "Papua New Guinea", "EN"
"169", "Paraguay", "EN"
"366", "PECC", "EN"
"170", "Peru", "EN"
"171", "Philippines", "EN"
"172", "Pitcairn Islands", "EN"
"173", "Poland", "EN"
"5504", "Polynesia", "EN"
"174", "Portugal", "EN"
"177", "Puerto Rico", "EN"
"179", "Qatar", "EN"
"352", "Reg Off Asia & Pacific", "EN"
"852", "Reg Off Asia & Pacific (inc 351)", "EN"
"353", "Reg Off Near East", "EN"
"443", "Reg Office Africa", "EN"
"445", "Reg Office Europe", "EN"
"444", "Reg Office LatAmer & Car", "EN"
"117", "Republic of Korea", "EN"
"146", "Republic of Moldova", "EN"
"5838", "Rest of the world", "EN"
"182", "Réunion", "EN"
"183", "Romania", "EN"
"185", "Russian Federation", "EN"
"184", "Rwanda", "EN"
"461", "S Afr Development Commun", "EN"
"437", "SAARC", "EN"
"187", "Saint Helena", "EN"
"188", "Saint Kitts and Nevis", "EN"
"189", "Saint Lucia", "EN"
"190", "Saint Pierre and Miquelon", "EN"
"191", "Saint Vincent and the Grenadines", "EN"
"244", "Samoa", "EN"
"192", "San Marino", "EN"
"193", "Sao Tome and Principe", "EN"
"194", "Saudi Arabia", "EN"
"195", "Senegal", "EN"
"272", "Serbia", "EN"
"186", "Serbia and Montenegro", "EN"
"196", "Seychelles", "EN"
"197", "Sierra Leone", "EN"
"200", "Singapore", "EN"
"199", "Slovakia", "EN"
"198", "Slovenia", "EN"
"378", "Small Island Developing States", "EN"
"5803", "Small Island Developing States", "EN"
"25", "Solomon Islands", "EN"
"201", "Somalia", "EN"
"202", "South Africa", "EN"
"318", "South America", "EN"
"5202", "South America", "EN"
"5207", "South America", "EN"
"5832", "South and SouthWest Asia", "EN"
"323", "South Asia", "EN"
"5831", "South East Asia", "EN"
"271", "South Georgia and Sandwich Islands", "EN"
"5304", "South-Eastern Asia", "EN"
"314", "Southern Africa", "EN"
"5104", "Southern Africa", "EN"
"5303", "Southern Asia", "EN"
"5403", "Southern Europe", "EN"
"203", "Spain", "EN"
"478", "SPC", "EN"
"479", "SPEC", "EN"
"356", "SPF", "EN"
"38", "Sri Lanka", "EN"
"420", "Sub-Saharan Africa", "EN"
"206", "Sudan", "EN"
"207", "Suriname", "EN"
"260", "Svalbard and Jan Mayen Islands", "EN"
"209", "Swaziland", "EN"
"210", "Sweden", "EN"
"211", "Switzerland", "EN"
"212", "Syrian Arab Republic", "EN"
"208", "Tajikistan", "EN"
"216", "Thailand", "EN"
"154", "The former Yugoslav Republic of Macedonia", "EN"
"176", "Timor-Leste", "EN"
"217", "Togo", "EN"
"218", "Tokelau", "EN"
"219", "Tonga", "EN"
"500", "Total Donors", "EN"
"5009", "Total FAO", "EN"
"333", "Transition Markets", "EN"
"220", "Trinidad and Tobago", "EN"
"222", "Tunisia", "EN"
"223", "Turkey", "EN"
"213", "Turkmenistan", "EN"
"224", "Turks and Caicos Islands", "EN"
"227", "Tuvalu", "EN"
"226", "Uganda", "EN"
"230", "Ukraine", "EN"
"225", "United Arab Emirates", "EN"
"229", "United Kingdom", "EN"
"215", "United Republic of Tanzania", "EN"
"231", "United States of America", "EN"
"240", "United States Virgin Islands", "EN"
"252", "Unspecified", "EN"
"234", "Uruguay", "EN"
"232", "US Minor Is.", "EN"
"228", "USSR", "EN"
"346", "Ussr in Asia", "EN"
"344", "Ussr in Europe", "EN"
"469", "USSR, Former Area of", "EN"
"235", "Uzbekistan", "EN"
"155", "Vanuatu", "EN"
"236", "Venezuela (Bolivarian Republic of)", "EN"
"237", "Viet Nam", "EN"
"242", "Wake Island", "EN"
"243", "Wallis and Futuna Islands", "EN"
"245", "West Bank", "EN"
"434", "WestAfr Econ&Monet Union", "EN"
"311", "Western Africa", "EN"
"5105", "Western Africa", "EN"
"5305", "Western Asia", "EN"
"303", "Western Europe", "EN"
"5404", "Western Europe", "EN"
"205", "Western Sahara", "EN"
"296", "WFP", "EN"
"362", "World", "EN"
"5000", "World", "EN"
"372", "World (Former)", "EN"
"872", "World (Former) (inc 351)", "EN"
"862", "World (inc 351)", "EN"
"801", "World (inc 357)", "EN"
"5700", "World Developed Countries", "EN"
"5800", "World Developing Countries", "EN"
"855", "World Developing Countries (inc 351)", "EN"
"249", "Yemen", "EN"
"246", "Yemen Ar Rp", "EN"
"247", "Yemen Dem", "EN"
"248", "Yugoslav SFR", "EN"
"466", "Yugoslavia, Former Area", "EN"
"251", "Zambia", "EN"
"181", "Zimbabwe", "EN"
"5830", "null", "FR"
"5831", "null", "FR"
"5832", "null", "FR"
"5833", "null", "FR"
"5834", "null", "FR"
"5835", "null", "FR"
"5836", "null", "FR"
"5837", "null", "FR"
"5838", "null", "FR"
"364", "AAAID", "FR"
"330", "Acc Libre-Échange NordAm", "FR"
"414", "ACP Afrique", "FR"
"416", "ACP Caraïbes", "FR"
"417", "ACP Pacifique", "FR"
"363", "AEC", "FR"
"477", "AELE", "FR"
"2", "Afghanistan", "FR"
"359", "Afrique", "FR"
"5100", "Afrique", "FR"
"369", "Afrique (ex)", "FR"
"312", "Afrique Centrale", "FR"
"5102", "Afrique Centrale", "FR"
"5101", "Afrique de l'Est", "FR"
"311", "Afrique de l'Ouest", "FR"
"5105", "Afrique de l'Ouest", "FR"
"340", "Afrique Développée", "FR"
"421", "Afrique du Nord", "FR"
"5103", "Afrique du Nord", "FR"
"202", "Afrique du Sud", "FR"
"314", "Afrique du Sud", "FR"
"5104", "Afrique du Sud", "FR"
"309", "Afrique en Developpement", "FR"
"310", "Afrique Nord Occidentale", "FR"
"313", "Afrique Orientale", "FR"
"420", "Afrique Sub Saharienne", "FR"
"390", "Afrique Subsaharienne", "FR"
"5809", "Afrique Subsaharienne (Afique du Sud Excl)", "FR"
"5810", "Afrique Subsaharienne (Afique du Sud Incl)", "FR"
"413", "Afrique, Caraíbes, Pacif ST", "FR"
"462", "ALADI", "FR"
"3", "Albanie", "FR"
"431", "ALECE", "FR"
"4", "Algérie", "FR"
"79", "Allemagne", "FR"
"78", "Allemagne Fr", "FR"
"77", "Allemagne Nl", "FR"
"328", "Amerique Cent & Caraïbes", "FR"
"316", "Amérique Central", "FR"
"5204", "Amérique Centrale", "FR"
"428", "Amérique du Nord", "FR"
"5201", "Amérique du Nord", "FR"
"302", "Amérique du Nord Develop", "FR"
"318", "Amérique du Sud", "FR"
"5202", "Amérique du Sud", "FR"
"5207", "Amérique du Sud", "FR"
"348", "Amérique Latine", "FR"
"315", "Amérique Latine et Caraïbes", "FR"
"5205", "Amérique Latine et Caraïbes", "FR"
"336", "Amérique Nord & Centrale", "FR"
"326", "Amérique Nord en Develop", "FR"
"5203", "Amérique Nordique", "FR"
"5200", "Amériques", "FR"
"412", "ANASE", "FR"
"6", "Andorre", "FR"
"7", "Angola", "FR"
"258", "Anguilla", "FR"
"30", "Antarctique", "FR"
"8", "Antigua-et-Barbuda", "FR"
"151", "Antilles néerlandaises", "FR"
"194", "Arabie saoudite", "FR"
"9", "Argentine", "FR"
"1", "Arménie", "FR"
"22", "Aruba", "FR"
"437", "ASACR", "FR"
"360", "Asie", "FR"
"802", "Asie", "FR"
"860", "Asie", "FR"
"5300", "Asie", "FR"
"370", "Asie (ex)", "FR"
"870", "Asie (ex)", "FR"
"5301", "Asie Centrale", "FR"
"5302", "Asie de l'Est", "FR"
"5305", "Asie de l'Ouest", "FR"
"343", "Asie Développée", "FR"
"323", "Asie du Sud", "FR"
"5303", "Asie du Sud", "FR"
"5304", "Asie du Sud-Est", "FR"
"347", "Asie en Développement", "FR"
"847", "Asie en Développement", "FR"
"423", "Asie et Pacifique", "FR"
"324", "Asie Sud Orientale", "FR"
"337", "Asie Sud Orientale", "FR"
"5812", "Asie Sud Orientale (Chine Excl)", "FR"
"5813", "Asie Sud Orientale (Chine Incl)", "FR"
"332", "Asie Sudoriental & Chine", "FR"
"832", "Asie Sudoriental & Chine", "FR"
"804", "AsieSuOr&Chn", "FR"
"424", "AsieSuOr&Chn&Japon", "FR"
"10", "Australie", "FR"
"5501", "Australie et Nouvelle-Zélande", "FR"
"307", "Autorité Intergv Dévpmnt", "FR"
"254", "Autres (ajustement)", "FR"
"358", "Autres Pays Développés", "FR"
"11", "Autriche", "FR"
"52", "Azerbaïdjan", "FR"
"12", "Bahamas", "FR"
"13", "Bahreïn", "FR"
"308", "Balte, Assemblée", "FR"
"16", "Bangladesh", "FR"
"14", "Barbade", "FR"
"479", "BCEPS", "FR"
"57", "Bélarus", "FR"
"255", "Belgique", "FR"
"15", "Belgique-Luxembourg", "FR"
"23", "Belize", "FR"
"53", "Bénin", "FR"
"17", "Bermudes", "FR"
"18", "Bhoutan", "FR"
"19", "Bolivie (État plurinational de)", "FR"
"80", "Bosnie-Herzégovine", "FR"
"20", "Botswana", "FR"
"21", "Brésil", "FR"
"26", "Brunéi Darussalam", "FR"
"27", "Bulgarie", "FR"
"443", "Bureau Rég Afrique", "FR"
"444", "Bureau Rég Am lat & Car", "FR"
"352", "Bureau Rég Asie&Pacifiq", "FR"
"852", "Bureau Rég Asie&Pacifiq", "FR"
"445", "Bureau Reg Europe", "FR"
"353", "Bureau Rég Proche-Orient", "FR"
"233", "Burkina Faso", "FR"
"29", "Burundi", "FR"
"115", "Cambodge", "FR"
"32", "Cameroun", "FR"
"33", "Canada", "FR"
"35", "Cap-Vert", "FR"
"317", "Caraïbes", "FR"
"5206", "Caraïbes", "FR"
"394", "CARICOM", "FR"
"396", "CARICOM exc Haiti", "FR"
"387", "CARIFORUM exc Haiti", "FR"
"464", "CCA", "FR"
"262", "CE", "FR"
"438", "CEA", "FR"
"441", "CEE", "FR"
"367", "CEMN", "FR"
"439", "CEPALC", "FR"
"456", "CEPGL", "FR"
"440", "CESAO", "FR"
"345", "CESAP", "FR"
"40", "Chili", "FR"
"351", "Chine", "FR"
"357", "Chine", "FR"
"96", "Chine - RAS de Hong-Kong", "FR"
"128", "Chine - RAS de Macao", "FR"
"265", "Chine ex.com", "FR"
"41", "Chine, continentale", "FR"
"214", "Chine, Taiwan Province de", "FR"
"50", "Chypre", "FR"
"457", "CILSS", "FR"
"245", "Cisjordanie", "FR"
"44", "Colombie", "FR"
"436", "Com Écon&Monét Afr-Cen", "FR"
"435", "Com Ets Sahelo-Sahariens", "FR"
"455", "Comm Écon États Afr Cent", "FR"
"458", "Comm Écon États AfrOuest", "FR"
"474", "Comm États Indépendants", "FR"
"45", "Comores", "FR"
"461", "Comun Dévelop Afri Aus", "FR"
"46", "Congo", "FR"
"465", "Conseil Coopér du Golfe", "FR"
"48", "Costa Rica", "FR"
"107", "Côte d'Ivoire", "FR"
"478", "CPS", "FR"
"98", "Croatie", "FR"
"49", "Cuba", "FR"
"408", "CUEA", "FR"
"54", "Danemark", "FR"
"72", "Djibouti", "FR"
"55", "Dominique", "FR"
"503", "Donateurs Au", "FR"
"432", "ECO", "FR"
"59", "Égypte", "FR"
"60", "El Salvador", "FR"
"225", "Émirats arabes unis", "FR"
"58", "Équateur", "FR"
"178", "Érythrée", "FR"
"203", "Espagne", "FR"
"63", "Estonie", "FR"
"476", "États Membres FAO", "FR"
"231", "États-Unis d'Amérique", "FR"
"238", "Éthiopie", "FR"
"62", "Éthiopie RDP", "FR"
"361", "Europe", "FR"
"5400", "Europe", "FR"
"329", "Europe & États Baltes", "FR"
"425", "Europe & Israël", "FR"
"371", "Europe (ex)", "FR"
"5401", "Europe de l'Est", "FR"
"303", "Europe de l'Ouest", "FR"
"5404", "Europe de l'Ouest", "FR"
"5402", "Europe du Nord", "FR"
"5403", "Europe du Sud", "FR"
"334", "Europe Orientale", "FR"
"427", "Europe, Non-UE (15) Pays", "FR"
"468", "Ex Rép Dém Pop Éthiopie", "FR"
"466", "Ex Rép Féd Soc Yougoslav", "FR"
"473", "Ex Tchécoslovaquie", "FR"
"469", "Ex URSS", "FR"
"322", "Extreme-Orient", "FR"
"803", "Extreme-Orient", "FR"
"822", "Extreme-Orient", "FR"
"349", "Extrême-Orient & Océanie", "FR"
"805", "Extrême-Orient & Océanie", "FR"
"849", "Extrême-Orient & Océanie", "FR"
"376", "Faible Revenu&Déficit Vi", "FR"
"876", "Faible Revenu&Déficit Vi", "FR"
"185", "Fédération de Russie", "FR"
"66", "Fidji", "FR"
"67", "Finlande", "FR"
"389", "Forum des Caraïbes", "FR"
"68", "France", "FR"
"74", "Gabon", "FR"
"75", "Gambie", "FR"
"73", "Géorgie", "FR"
"81", "Ghana", "FR"
"82", "Gibraltar", "FR"
"84", "Grèce", "FR"
"86", "Grenade", "FR"
"85", "Groenland", "FR"
"449", "GRULA", "FR"
"87", "Guadeloupe", "FR"
"88", "Guam", "FR"
"89", "Guatemala", "FR"
"274", "Guernesey", "FR"
"90", "Guinée", "FR"
"61", "Guinée équatoriale", "FR"
"175", "Guinée-Bissau", "FR"
"91", "Guyana", "FR"
"69", "Guyane française", "FR"
"93", "Haïti", "FR"
"95", "Honduras", "FR"
"97", "Hongrie", "FR"
"31", "Île Bouvet", "FR"
"42", "Île Christmas", "FR"
"264", "Île de Man", "FR"
"111", "Île Johnston", "FR"
"161", "Île Norfolk", "FR"
"259", "Iles Anglo-Normandes", "FR"
"36", "Îles Caïmanes", "FR"
"34", "Iles Canton et Enderbury", "FR"
"47", "Îles Cook", "FR"
"43", "Îles des Cocos (Keeling)", "FR"
"65", "Îles Falkland", "FR"
"64", "Îles Féroé", "FR"
"271", "Îles Géorgie du Sud et Sandwich du Sud", "FR"
"92", "Îles Heard et McDonald", "FR"
"163", "îles Mariannes septentrionales", "FR"
"127", "Îles Marshall", "FR"
"139", "Îles Midway", "FR"
"232", "Îles mineures éloignées des États-Unis", "FR"
"172", "Îles Pitcairn", "FR"
"25", "Îles Salomon", "FR"
"260", "Îles Svalbard et Jan Mayen", "FR"
"224", "Îles Turques et Caïques", "FR"
"240", "Îles Vierges américaines", "FR"
"239", "Îles Vierges britanniques", "FR"
"242", "Îles Wake", "FR"
"243", "Îles Wallis et Futuna", "FR"
"401", "Imp Nets Prod Alim Dvpm", "FR"
"5817", "Imp Nets Prod Alim Dvpm", "FR"
"100", "Inde", "FR"
"252", "Indéfini", "FR"
"101", "Indonésie", "FR"
"365", "IORARC", "FR"
"102", "Iran (République islamique d')", "FR"
"103", "Iraq", "FR"
"104", "Irlande", "FR"
"99", "Islande", "FR"
"105", "Israël", "FR"
"106", "Italie", "FR"
"124", "Jamahiriya arabe libyenne", "FR"
"109", "Jamaïque", "FR"
"110", "Japon", "FR"
"112", "Jordanie", "FR"
"108", "Kazakhstan", "FR"
"114", "Kenya", "FR"
"113", "Kirghizistan", "FR"
"83", "Kiribati", "FR"
"118", "Koweït", "FR"
"350", "LEA", "FR"
"122", "Lesotho", "FR"
"119", "Lettonie", "FR"
"154", "l'ex-République yougoslave de Macédoine", "FR"
"121", "Liban", "FR"
"123", "Libéria", "FR"
"125", "Liechtenstein", "FR"
"126", "Lituanie", "FR"
"442", "LOWA", "FR"
"256", "Luxembourg", "FR"
"129", "Madagascar", "FR"
"131", "Malaisie", "FR"
"130", "Malawi", "FR"
"132", "Maldives", "FR"
"133", "Mali", "FR"
"134", "Malte", "FR"
"460", "Marché Com Afr Or&Austr", "FR"
"143", "Maroc", "FR"
"135", "Martinique", "FR"
"137", "Maurice", "FR"
"136", "Mauritanie", "FR"
"270", "Mayotte", "FR"
"395", "MCA", "FR"
"393", "MCCA", "FR"
"5502", "Mélanésie", "FR"
"433", "MERCOSUR", "FR"
"138", "Mexique", "FR"
"5503", "Micronésie", "FR"
"145", "Micronésie (États fédérés de)", "FR"
"140", "Monaco", "FR"
"362", "Monde", "FR"
"801", "Monde", "FR"
"862", "Monde", "FR"
"5000", "Monde", "FR"
"372", "Monde (ex)", "FR"
"872", "Monde (ex)", "FR"
"5700", "Monde Pays Développés", "FR"
"855", "Monde Pays en voie de Développement", "FR"
"5800", "Monde Pays en voie de Développement", "FR"
"141", "Mongolie", "FR"
"273", "Monténégro", "FR"
"142", "Montserrat", "FR"
"144", "Mozambique", "FR"
"28", "Myanmar", "FR"
"147", "Namibie", "FR"
"148", "Nauru", "FR"
"149", "Népal", "FR"
"157", "Nicaragua", "FR"
"158", "Niger", "FR"
"159", "Nigéria", "FR"
"160", "Nioué", "FR"
"162", "Norvège", "FR"
"153", "Nouvelle-Calédonie", "FR"
"156", "Nouvelle-Zélande", "FR"
"339", "Océanie", "FR"
"5500", "Océanie", "FR"
"446", "OCI", "FR"
"463", "OECO", "FR"
"221", "Oman", "FR"
"452", "OPAEP", "FR"
"388", "OPEP", "FR"
"504", "OPEP", "FR"
"342", "Org Coop & Dével Économ", "FR"
"301", "OUA", "FR"
"226", "Ouganda", "FR"
"235", "Ouzbékistan", "FR"
"165", "Pakistan", "FR"
"180", "Palaos", "FR"
"76", "Palestine", "FR"
"296", "PAM", "FR"
"166", "Panama", "FR"
"168", "Papouasie-Nouvelle-Guinée", "FR"
"169", "Paraguay", "FR"
"426", "Pays à Faible Revenu", "FR"
"5815", "Pays à faible revenu et à déficit vivrier", "FR"
"5808", "Pays Asiatiques du CIS en voie de développement", "FR"
"5804", "Pays d'Afrique en voie de Développement", "FR"
"5805", "Pays d'Amérique en voie de développement", "FR"
"5806", "Pays d'Asie en voie de développement", "FR"
"354", "Pays Développés", "FR"
"5705", "Pays développés d'Afrique (Aucun)", "FR"
"5701", "Pays développés d'Amérique", "FR"
"5703", "Pays développés d'Asie (Japon)", "FR"
"5702", "Pays développés d'Europe", "FR"
"306", "Pays développés d'Océanie", "FR"
"5704", "Pays développés d'Océanie", "FR"
"327", "Pays d'Océanie en voie de développement", "FR"
"5807", "Pays d'Océanie en voie de développement", "FR"
"333", "Pays en Transition", "FR"
"341", "Pays en Transition", "FR"
"355", "Pays en voie de Développement", "FR"
"331", "Pays Industrialisés", "FR"
"415", "Pays les moins développés", "FR"
"5801", "Pays les moins développés", "FR"
"402", "Pays sans littoral en voie de développement", "FR"
"5802", "Pays sans littoral en voie de développement", "FR"
"150", "Pays-Bas", "FR"
"366", "PECC", "FR"
"170", "Pérou", "FR"
"378", "Petites îles en voie de Développement", "FR"
"5803", "Petites îles en voie de Développement", "FR"
"171", "Philippines", "FR"
"173", "Pologne", "FR"
"5504", "Polynésie", "FR"
"70", "Polynésie française", "FR"
"177", "Porto Rico", "FR"
"174", "Portugal", "FR"
"5814", "Proche Orient et Afrique du Nord", "FR"
"319", "Proche-Orient", "FR"
"5811", "Proche-Orient (en Asie et en Afrique)", "FR"
"320", "Proche-Orient en Afrique", "FR"
"321", "Proche-Orient en Asie", "FR"
"422", "Proche-Orient en Asie (Autre)", "FR"
"325", "Proche-Orient et Afr Nord", "FR"
"179", "Qatar", "FR"
"5600", "Región Antarctique", "FR"
"212", "République arabe syrienne", "FR"
"37", "République centrafricaine", "FR"
"117", "République de Corée", "FR"
"146", "République de Moldova", "FR"
"250", "République démocratique du Congo", "FR"
"120", "République démocratique populaire lao", "FR"
"56", "République dominicaine", "FR"
"116", "République populaire démocratique de Corée", "FR"
"167", "République tchèque", "FR"
"215", "République-Unie de Tanzanie", "FR"
"182", "Réunion", "FR"
"183", "Roumanie", "FR"
"229", "Royaume-Uni", "FR"
"184", "Rwanda", "FR"
"205", "Sahara occidental", "FR"
"187", "Sainte-Hélène", "FR"
"189", "Sainte-Lucie", "FR"
"188", "Saint-Kitts-et-Nevis", "FR"
"192", "Saint-Marin", "FR"
"190", "Saint-Pierre-et-Miquelon", "FR"
"94", "Saint-Siège", "FR"
"191", "Saint-Vincent-et-les Grenadines", "FR"
"244", "Samoa", "FR"
"5", "Samoa américaines", "FR"
"193", "Sao Tomé-et-Principe", "FR"
"391", "SELA", "FR"
"195", "Sénégal", "FR"
"272", "Serbie", "FR"
"186", "Serbie-et-Monténégro", "FR"
"196", "Seychelles", "FR"
"197", "Sierra Leone", "FR"
"200", "Singapour", "FR"
"199", "Slovaquie", "FR"
"198", "Slovénie", "FR"
"201", "Somalie", "FR"
"206", "Soudan", "FR"
"356", "SPF", "FR"
"38", "Sri Lanka", "FR"
"210", "Suède", "FR"
"211", "Suisse", "FR"
"207", "Suriname", "FR"
"209", "Swaziland", "FR"
"208", "Tadjikistan", "FR"
"39", "Tchad", "FR"
"51", "Tchécoslovaq", "FR"
"71", "Terres australes et antarctiques françaises", "FR"
"24", "Territoire britanique de l'Océan Indien", "FR"
"164", "Territoire des Îles du Pacifique", "FR"
"299", "Territoire palestinien occupé", "FR"
"216", "Thaïlande", "FR"
"176", "Timor-Leste", "FR"
"217", "Togo", "FR"
"218", "Tokélaou", "FR"
"219", "Tonga", "FR"
"5009", "Total FAO", "FR"
"220", "Trinité-et-Tobago", "FR"
"500", "Tt donateurs", "FR"
"222", "Tunisie", "FR"
"213", "Turkménistan", "FR"
"223", "Turquie", "FR"
"227", "Tuvalu", "FR"
"399", "UDEAC", "FR"
"261", "UE(12)ex.com", "FR"
"266", "UE(15)ex.com", "FR"
"268", "UE(25)ex.com", "FR"
"269", "UE(27)ex.com", "FR"
"230", "Ukraine", "FR"
"434", "Un Écon&Monét Ouest-Afr", "FR"
"454", "Union du Maghreb Arabe", "FR"
"5706", "Union européenne", "FR"
"304", "Union Européenne (12)", "FR"
"305", "Union Européenne (15)", "FR"
"450", "Union Européenne (25)", "FR"
"451", "Union Européenne (27)", "FR"
"228", "URSS", "FR"
"234", "Uruguay", "FR"
"346", "USSR en Asie", "FR"
"344", "USSR en Europe", "FR"
"155", "Vanuatu", "FR"
"236", "Venezuela (République bolivarienne du)", "FR"
"237", "Viet Nam", "FR"
"249", "Yémen", "FR"
"247", "Yemen Dém", "FR"
"246", "Yémen Rép A", "FR"
"248", "Yougosla Rfs", "FR"
"251", "Zambie", "FR"
"181", "Zimbabwe", "FR"
"152", "Zone neutre", "FR"
"5830", "null", "ES"
"5831", "null", "ES"
"5832", "null", "ES"
"5833", "null", "ES"
"5834", "null", "ES"
"5835", "null", "ES"
"5836", "null", "ES"
"5837", "null", "ES"
"5838", "null", "ES"
"364", "AAAID", "ES"
"437", "AAMCR", "ES"
"414", "ACP África", "ES"
"416", "ACP el Caribe", "ES"
"417", "ACP Pacific", "ES"
"363", "AEC", "ES"
"477", "AELC", "ES"
"2", "Afganistán", "ES"
"359", "África", "ES"
"5100", "África", "ES"
"369", "África (ex)", "ES"
"312", "Africa Central", "ES"
"5102", "África del Centro", "ES"
"5101", "África del Este", "ES"
"421", "África del Norte", "ES"
"5103", "África del Norte", "ES"
"311", "África del Oeste", "ES"
"5105", "África del Oeste", "ES"
"314", "África del Sur", "ES"
"5104", "África del Sur", "ES"
"340", "Africa Desarrollada", "ES"
"309", "Africa en Desarrollo", "ES"
"310", "Africa Noroccidental", "ES"
"313", "Africa Oriental", "ES"
"390", "Africa Subsahariana", "ES"
"420", "África subsahariana", "ES"
"5810", "Africa Subsahariana (incl Sudáfrica)", "ES"
"5809", "Africa Subsahariana (sin Sudáfrica)", "ES"
"413", "África, Carib, Pacif ST", "ES"
"462", "ALADI", "ES"
"3", "Albania", "ES"
"431", "ALCEC", "ES"
"79", "Alemania", "ES"
"77", "Alemania Nl", "ES"
"78", "Alemania Rf", "ES"
"316", "América Central", "ES"
"328", "América Central y Caribe", "ES"
"5204", "América del Centro", "ES"
"428", "América del norte", "ES"
"5201", "América del norte", "ES"
"318", "América del Sur", "ES"
"5202", "América del Sur", "ES"
"5207", "América del Sur", "ES"
"348", "América Latina", "ES"
"315", "América Latina & Caribe", "ES"
"5205", "América Latina & Caribe", "ES"
"5203", "América Nórdico", "ES"
"326", "América Norte en Desar", "ES"
"336", "América Norte y Central", "ES"
"302", "AméricaNorte Desarollada", "ES"
"5200", "Américas", "ES"
"6", "Andorra", "ES"
"7", "Angola", "ES"
"258", "Anguilla", "ES"
"30", "Antártida", "ES"
"8", "Antigua y Barbuda", "ES"
"151", "Antillas Neerlandesas", "ES"
"194", "Arabia Saudita", "ES"
"4", "Argelia", "ES"
"9", "Argentina", "ES"
"1", "Armenia", "ES"
"22", "Aruba", "ES"
"412", "ASEAN", "ES"
"360", "Asia", "ES"
"802", "Asia", "ES"
"860", "Asia", "ES"
"5300", "Asia", "ES"
"370", "Asia (ex)", "ES"
"870", "Asia (ex)", "ES"
"5301", "Asia del Centro", "ES"
"5302", "Asia del Este", "ES"
"5305", "Asia del Oeste", "ES"
"5304", "Asia del Sudeste", "ES"
"323", "Asia del Sur", "ES"
"5303", "Asia del Sur", "ES"
"343", "Asia Desarrollada", "ES"
"347", "Asia en Desarollo", "ES"
"847", "Asia en Desarollo", "ES"
"324", "Asia Sudoriental", "ES"
"337", "Asia Sudoriental", "ES"
"5813", "Asia Sudoriental (incl China)", "ES"
"5812", "Asia Sudoriental (sin China)", "ES"
"423", "Asia y el Pacífico", "ES"
"804", "AsiaSuOr&Chn", "ES"
"424", "AsiaSuOr&Chn&Japón", "ES"
"332", "Asie Sudoriental y China", "ES"
"832", "Asie Sudoriental y China", "ES"
"10", "Australia", "ES"
"5501", "Australia y Nueva Zelanda", "ES"
"11", "Austria", "ES"
"307", "Autoridad Intergub Desar", "ES"
"52", "Azerbaiyán", "ES"
"12", "Bahamas", "ES"
"13", "Bahrein", "ES"
"376", "Bajos Ingreso&Déficit Al", "ES"
"876", "Bajos Ingreso&Déficit Al", "ES"
"308", "Baltica, Asámblea", "ES"
"16", "Bangladesh", "ES"
"14", "Barbados", "ES"
"479", "BCEPS", "ES"
"57", "Belarús", "ES"
"255", "Bélgica", "ES"
"15", "Bélgica-Luxemburgo", "ES"
"23", "Belice", "ES"
"53", "Benin", "ES"
"17", "Bermudas", "ES"
"18", "Bhután", "ES"
"19", "Bolivia (Estado Plurinacional de)", "ES"
"80", "Bosnia y Herzegovina", "ES"
"20", "Botswana", "ES"
"21", "Brasil", "ES"
"26", "Brunei Darussalam", "ES"
"367", "BSEC", "ES"
"27", "Bulgaria", "ES"
"233", "Burkina Faso", "ES"
"29", "Burundi", "ES"
"35", "Cabo Verde", "ES"
"115", "Camboya", "ES"
"32", "Camerún", "ES"
"33", "Canadá", "ES"
"317", "Caribe", "ES"
"5206", "Caribe", "ES"
"394", "CARICOM", "ES"
"396", "CARICOM exc Haiti", "ES"
"387", "CARIFORUM exc Haiti", "ES"
"464", "CCA", "ES"
"262", "CE", "ES"
"438", "CEPA", "ES"
"439", "CEPAL", "ES"
"441", "CEPE", "ES"
"456", "CEPGL", "ES"
"319", "Cercano Oriente", "ES"
"5811", "Cercano Oriente (en Asia y África)", "ES"
"320", "Cercano Oriente Africa", "ES"
"321", "Cercano Oriente en Asia", "ES"
"422", "Cercano Oriente en Asia (otros)", "ES"
"325", "Cercano Oriente et AfrNorte", "ES"
"5814", "Cercano Oriente y África del Norte", "ES"
"440", "CESPAO", "ES"
"345", "CESPAP", "ES"
"39", "Chad", "ES"
"51", "Checoslovaq", "ES"
"40", "Chile", "ES"
"351", "China", "ES"
"357", "China", "ES"
"265", "China ex.com", "ES"
"41", "China, Continental", "ES"
"96", "China, RAE de Hong Kong", "ES"
"128", "China, RAE de Macao", "ES"
"214", "China, Taiwán provincia de", "ES"
"50", "Chipre", "ES"
"457", "CILSS", "ES"
"44", "Colombia", "ES"
"455", "Com Econ Africa Central", "ES"
"458", "Com Econ Estados AfrOcc", "ES"
"474", "Com Estad Independientes", "ES"
"435", "Com Ets Sahel-Saharans", "ES"
"45", "Comoras", "ES"
"461", "Comunidad Desar Afr Mer", "ES"
"46", "Congo", "ES"
"465", "Consejo Coop en el Golfo", "ES"
"48", "Costa Rica", "ES"
"107", "Côte d'Ivoire", "ES"
"478", "CPS", "ES"
"98", "Croacia", "ES"
"49", "Cuba", "ES"
"408", "CUEA", "ES"
"54", "Dinamarca", "ES"
"72", "Djibouti", "ES"
"55", "Dominica", "ES"
"503", "Donantes Otr", "ES"
"432", "ECO", "ES"
"58", "Ecuador", "ES"
"59", "Egipto", "ES"
"60", "El Salvador", "ES"
"225", "Emiratos Árabes Unidos", "ES"
"178", "Eritrea", "ES"
"199", "Eslovaquia", "ES"
"198", "Eslovenia", "ES"
"203", "España", "ES"
"476", "Estados Miembros FAO", "ES"
"231", "Estados Unidos de América", "ES"
"63", "Estonia", "ES"
"238", "Etiopía", "ES"
"62", "Etiopía RDP", "ES"
"361", "Europa", "ES"
"5400", "Europa", "ES"
"329", "Europa & EstadosBálticos", "ES"
"371", "Europa (ex)", "ES"
"5401", "Europa del Este", "ES"
"5402", "Europa del Norte", "ES"
"303", "Europa del Oeste", "ES"
"5404", "Europa del Oeste", "ES"
"5403", "Europa del Sur", "ES"
"427", "Europa No-EU (15) países", "ES"
"334", "Europa Oriental", "ES"
"425", "Europa y Israel", "ES"
"473", "Ex Checoslovaquia", "ES"
"468", "Ex Rep Dem Pop Etiopía", "ES"
"466", "Ex Rep Fed Soc Yugoslav", "ES"
"469", "Ex URSS", "ES"
"185", "Federación de Rusia", "ES"
"66", "Fiji", "ES"
"171", "Filipinas", "ES"
"67", "Finlandia", "ES"
"389", "Foro del Caribe", "ES"
"68", "Francia", "ES"
"74", "Gabón", "ES"
"75", "Gambia", "ES"
"73", "Georgia", "ES"
"81", "Ghana", "ES"
"82", "Gibraltar", "ES"
"86", "Granada", "ES"
"84", "Grecia", "ES"
"85", "Groenlandia", "ES"
"449", "GRULA", "ES"
"87", "Guadalupe", "ES"
"88", "Guam", "ES"
"89", "Guatemala", "ES"
"69", "Guayana francesa", "ES"
"90", "Guinea", "ES"
"61", "Guinea Ecuatorial", "ES"
"175", "Guinea-Bissau", "ES"
"91", "Guyana", "ES"
"93", "Haití", "ES"
"95", "Honduras", "ES"
"97", "Hungría", "ES"
"401", "Import netos alim en Des", "ES"
"5817", "Import netos alim en Des", "ES"
"100", "India", "ES"
"101", "Indonesia", "ES"
"252", "Inespecificado", "ES"
"365", "IORARC", "ES"
"102", "Irán (República Islámica del)", "ES"
"103", "Iraq", "ES"
"104", "Irlanda", "ES"
"31", "Isla Bouvet", "ES"
"42", "Isla Christmas", "ES"
"274", "Isla de Guernesey", "ES"
"264", "Isla de Man", "ES"
"111", "Isla Johnston", "ES"
"161", "Isla Norfolk", "ES"
"242", "Isla Wake", "ES"
"99", "Islandia", "ES"
"36", "Islas Caimán", "ES"
"34", "Islas Canton y Enderbury", "ES"
"43", "Islas Cocos (Keeling)", "ES"
"47", "Islas Cook", "ES"
"64", "Islas Feroe", "ES"
"271", "Islas Georgias del Sur y Sandwich del Sur", "ES"
"92", "Islas Heard y McDonald", "ES"
"65", "Islas Malvinas", "ES"
"163", "Islas Marianas septentrionales", "ES"
"127", "Islas Marshall", "ES"
"232", "Islas Menores Periféricas de los Estados Unidos", "ES"
"139", "Islas Midway", "ES"
"259", "Islas Normandas", "ES"
"172", "Islas Pitcairn", "ES"
"25", "Islas Salomón", "ES"
"260", "Islas Svalbard y Jan Mayen", "ES"
"224", "Islas Turcas y Caicos", "ES"
"240", "Islas Vírgenes (EE.UU.)", "ES"
"239", "Islas Vírgenes Británicas", "ES"
"243", "Islas Wallis y Futuna", "ES"
"105", "Israel", "ES"
"106", "Italia", "ES"
"124", "Jamahiriya Árabe Libia", "ES"
"109", "Jamaica", "ES"
"110", "Japón", "ES"
"112", "Jordania", "ES"
"108", "Kazajstán", "ES"
"114", "Kenya", "ES"
"113", "Kirguistán", "ES"
"83", "Kiribati", "ES"
"118", "Kuwait", "ES"
"154", "la ex República Yugoslava de Macedonia", "ES"
"350", "LEA", "ES"
"803", "Lej Oriente", "ES"
"322", "Lejano Oriente", "ES"
"822", "Lejano Oriente", "ES"
"349", "Lejano Oriente y Oceanía", "ES"
"805", "Lejano Oriente y Oceanía", "ES"
"849", "Lejano Oriente y Oceanía", "ES"
"122", "Lesotho", "ES"
"119", "Letonia", "ES"
"121", "Líbano", "ES"
"123", "Liberia", "ES"
"125", "Liechtenstein", "ES"
"126", "Lituania", "ES"
"415", "Los países menos desarrollados", "ES"
"5801", "Los países menos desarrollados", "ES"
"442", "LOWA", "ES"
"256", "Luxemburgo", "ES"
"129", "Madagascar", "ES"
"131", "Malasia", "ES"
"130", "Malawi", "ES"
"132", "Maldivas", "ES"
"133", "Malí", "ES"
"134", "Malta", "ES"
"143", "Marruecos", "ES"
"135", "Martinica", "ES"
"137", "Mauricio", "ES"
"136", "Mauritania", "ES"
"270", "Mayotte", "ES"
"395", "MCA", "ES"
"393", "MCCA", "ES"
"5502", "Melanesia", "ES"
"460", "Merc Común Afr Or y Aus", "ES"
"433", "MERCOSUR", "ES"
"138", "México", "ES"
"5503", "Micronesia", "ES"
"145", "Micronesia (Estados Federados de)", "ES"
"140", "Mónaco", "ES"
"141", "Mongolia", "ES"
"273", "Montenegro", "ES"
"142", "Montserrat", "ES"
"144", "Mozambique", "ES"
"362", "Mundo", "ES"
"801", "Mundo", "ES"
"862", "Mundo", "ES"
"5000", "Mundo", "ES"
"372", "Mundo (ex)", "ES"
"872", "Mundo (ex)", "ES"
"5700", "Mundo Países Desarrollados", "ES"
"855", "Mundo Países en vías de desarrollo", "ES"
"5800", "Mundo Países en vías de desarrollo", "ES"
"28", "Myanmar", "ES"
"147", "Namibia", "ES"
"148", "Nauru", "ES"
"149", "Nepal", "ES"
"157", "Nicaragua", "ES"
"158", "Níger", "ES"
"159", "Nigeria", "ES"
"160", "Niue", "ES"
"162", "Noruega", "ES"
"153", "Nueva Caledonia", "ES"
"156", "Nueva Zelandia", "ES"
"339", "Oceanía", "ES"
"5500", "Oceanía", "ES"
"446", "OCI", "ES"
"463", "OECO", "ES"
"353", "Of Reg Cercano Oriente", "ES"
"443", "Oficina Reg Africa", "ES"
"444", "Oficina Reg Am Lat y Car", "ES"
"445", "Oficina Reg Europa", "ES"
"352", "OfRegional Asia&Pacífico", "ES"
"852", "OfRegional Asia&Pacífico", "ES"
"221", "Omán", "ES"
"452", "OPAEP", "ES"
"388", "OPEP", "ES"
"504", "OPEP", "ES"
"342", "Org Coop&Desarrollo Econ", "ES"
"254", "Otros (ajuste)", "ES"
"358", "Otros Países Desarrollados", "ES"
"301", "OUA", "ES"
"5808", "Países Asiáticos del CIS en vías de desarrollo", "ES"
"150", "Países Bajos", "ES"
"5804", "Países de África en vías de Desarrollo", "ES"
"5805", "Países de América en vías de desarrollo", "ES"
"5806", "Países de Asia en vías de desarrollo", "ES"
"5815", "Países de bajos ingresos y con déficit de alim.", "ES"
"327", "Países de Oceania en vías de desarrollo", "ES"
"5807", "Países de Oceania en vías de desarrollo", "ES"
"354", "Países Desarrollados", "ES"
"5705", "Países desarrollados de África (Ninguno)", "ES"
"5701", "Países desarrollados de América", "ES"
"5703", "Países desarrollados de Asia (Japón)", "ES"
"5702", "Países desarrollados de Europa", "ES"
"306", "Países desarrollados de Oceania", "ES"
"5704", "Países desarrollados de Oceania", "ES"
"333", "Países en Transición", "ES"
"341", "Países en Transición", "ES"
"355", "Países en vías de desarrollo", "ES"
"331", "Países Industrial", "ES"
"426", "Países Ingresos Bajos", "ES"
"402", "Países sin litoral en vías de desarrollo", "ES"
"5802", "Países sin litoral en vías de desarrollo", "ES"
"165", "Pakistán", "ES"
"180", "Palau", "ES"
"76", "Palestina", "ES"
"166", "Panamá", "ES"
"168", "Papua Nueva Guinea", "ES"
"169", "Paraguay", "ES"
"366", "PECC", "ES"
"378", "Pequeñas islas en vías de Desarrollo", "ES"
"5803", "Pequeñas islas en vías de Desarrollo", "ES"
"170", "Perú", "ES"
"296", "PMA", "ES"
"70", "Polinesia Francesa", "ES"
"173", "Polonia", "ES"
"5504", "Polynesia", "ES"
"174", "Portugal", "ES"
"177", "Puerto Rico", "ES"
"179", "Qatar", "ES"
"5600", "Región Antártica", "ES"
"229", "Reino Unido", "ES"
"212", "República Árabe Siria", "ES"
"37", "República Centroafricana", "ES"
"167", "República Checa", "ES"
"117", "República de Corea", "ES"
"146", "República de Moldova", "ES"
"250", "República Democrática del Congo", "ES"
"120", "República Democrática Popular Lao", "ES"
"56", "República Dominicana", "ES"
"116", "República Popular Democrática de Corea", "ES"
"215", "República Unida de Tanzanía", "ES"
"182", "Reunión", "ES"
"245", "Ribera Occidental", "ES"
"183", "Rumania", "ES"
"184", "Rwanda", "ES"
"205", "Sáhara occidental", "ES"
"188", "Saint Kitts y Nevis", "ES"
"190", "Saint-Pierre y Miquelon", "ES"
"244", "Samoa", "ES"
"5", "Samoa Americana", "ES"
"192", "San Marino", "ES"
"191", "San Vicente y las Granadinas", "ES"
"187", "Santa Elena", "ES"
"189", "Santa Lucía", "ES"
"94", "Santa Sede", "ES"
"193", "Santo Tomé y Príncipe", "ES"
"391", "SELA", "ES"
"195", "Senegal", "ES"
"272", "Serbia", "ES"
"186", "Serbia y Montenegro", "ES"
"196", "Seychelles", "ES"
"197", "Sierra Leona", "ES"
"200", "Singapur", "ES"
"201", "Somalia", "ES"
"356", "SPF", "ES"
"38", "Sri Lanka", "ES"
"202", "Sudáfrica", "ES"
"206", "Sudán", "ES"
"210", "Suecia", "ES"
"211", "Suiza", "ES"
"207", "Suriname", "ES"
"209", "Swazilandia", "ES"
"216", "Tailandia", "ES"
"208", "Tayikistán", "ES"
"24", "Territorio Británico del Océano Indico", "ES"
"164", "Territorio de las Islas del Pacífico", "ES"
"299", "Territorio Palestino Ocupado", "ES"
"71", "Tierras Australes y Antárticas Francesas", "ES"
"176", "Timor-Leste", "ES"
"217", "Togo", "ES"
"218", "Tokelau", "ES"
"219", "Tonga", "ES"
"500", "Tot donantes", "ES"
"5009", "Total FAO", "ES"
"330", "Trat Libre Com AmérNorte", "ES"
"220", "Trinidad y Tabago", "ES"
"222", "Túnez", "ES"
"213", "Turkmenistán", "ES"
"223", "Turquía", "ES"
"227", "Tuvalu", "ES"
"230", "Ucrania", "ES"
"399", "UDEAC", "ES"
"261", "UE(12)ex.com", "ES"
"266", "UE(15)ex.com", "ES"
"268", "UE(25)ex.com", "ES"
"269", "UE(27)ex.com", "ES"
"226", "Uganda", "ES"
"436", "Un Econom&Monet Afr Cenc", "ES"
"434", "Un Econom&Monet Afr Occ", "ES"
"454", "Unión del Magreb Arabe", "ES"
"5706", "Unión Europea", "ES"
"304", "Unión Europea (12)", "ES"
"305", "Unión Europea (15)", "ES"
"450", "Unión Europea (25)", "ES"
"451", "Unión Europea (27)", "ES"
"228", "URSS", "ES"
"234", "Uruguay", "ES"
"346", "USSR en Asia", "ES"
"344", "USSR en Europa", "ES"
"235", "Uzbekistán", "ES"
"155", "Vanuatu", "ES"
"236", "Venezuela (República Bolivariana de)", "ES"
"237", "Viet Nam", "ES"
"249", "Yemen", "ES"
"247", "Yemen Dem", "ES"
"246", "Yemen Rep A", "ES"
"248", "Yugoslav RFS", "ES"
"251", "Zambia", "ES"
"181", "Zimbabwe", "ES"
"152", "Zona Neutral", "ES"
"252", "null", "AR"
"254", "null", "AR"
"265", "null", "AR"
"268", "null", "AR"
"269", "null", "AR"
"401", "null", "AR"
"413", "null", "AR"
"414", "null", "AR"
"416", "null", "AR"
"417", "null", "AR"
"421", "null", "AR"
"422", "null", "AR"
"424", "null", "AR"
"425", "null", "AR"
"427", "null", "AR"
"428", "null", "AR"
"435", "null", "AR"
"436", "null", "AR"
"444", "null", "AR"
"5009", "null", "AR"
"5810", "null", "AR"
"5811", "null", "AR"
"5812", "null", "AR"
"5813", "null", "AR"
"5814", "null", "AR"
"5815", "null", "AR"
"5817", "null", "AR"
"5830", "null", "AR"
"5831", "null", "AR"
"5832", "null", "AR"
"5833", "null", "AR"
"5834", "null", "AR"
"5835", "null", "AR"
"5836", "null", "AR"
"5837", "null", "AR"
"5838", "null", "AR"
"364", "AAAID", "AR"
"389", "ãäÊÏì ÇáßÇÑíÈì", "AR"
"371", "ÃæÑæÈÇ (ÓÇÈÞÇ)", "AR"
"329", "ÃæÑæÈÇ æÏæá ÇáÈáØíÞ", "AR"
"348", "ÃãÑíßÇ ÇááÇÊíäíÉ", "AR"
"328", "ÃãÑíßÇ ÇáæÓØì æÇáÈÍÑ ÇáßÇÑíÈì", "AR"
"318", "ÃãÑíßÇ ÇáÌäæÈíÉ", "AR"
"344", "ãäØÞÉ ÇáÇÊÍÇÏ ÇáÓæÝíÊì Ýì ÃæÑæÈÇ", "AR"
"346", "ãäØÞÉ ÇáÇÊÍÇÏ ÇáÓæÝíÊì Ýì ÂÓíÇ", "AR"
"469", "ãäØÞÉ ÇáÇÊÍÇÏ ÇáÓæÝííÊì ÓÇÈÞÇ", "AR"
"317", "ãäØÞÉ ÇáÈÍÑ ÇáßÇÑíÈì", "AR"
"473", "ãäØÞÉ ÊÔíßæÓáæÝÇßíÇ ÇáÓÇÈÞÉ", "AR"
"466", "ãäØÞÉ íæÛæÓáÇÝíÇ ÓÇÈÞÇ", "AR"
"504", "ãäÙãÉ ÇáÈáÏÇä ÇáãÕÏÑÉ ááäÝØ", "AR"
"342", "ãäÙãÉ ÇáÊÚÇæä ÇáÇÞÊÕÇÏì æÇáÊäãíÉ", "AR"
"464", "ACC", "AR"
"363", "ACS", "AR"
"500", "ãÌãæÚ ÇáÈáÏÇä ÇáãÊÈÑÚÉ", "AR"
"465", "ãÌáÓ ÇáÊÚÇæä áÏæá ÇáÎáíÌ ÇáÚÑÈíÉ", "AR"
"468", "ÃÑÇÖì ÃËíæÈíÇ ÓÇÈÞÇ", "AR"
"395", "ANCOM", "AR"
"360", "ÂÓíÇ", "AR"
"802", "ÂÓíÇ", "AR"
"860", "ÂÓíÇ", "AR"
"370", "ÂÓíÇ (ÓÇÈÞÇ)", "AR"
"870", "ÂÓíÇ (ÓÇÈÞÇ)", "AR"
"412", "ASEAN", "AR"
"369", "ÃÝÑíÞíÇ (ÓÇÈÞÇ)", "AR"
"309", "ÃÝÑíÞíÇ ÇáäÇãíÉ", "AR"
"312", "ÃÝÑíÞíÇ ÇáæÓØì", "AR"
"340", "ÃÝÑíÞíÇ ÇáãÊÞÏãÉ", "AR"
"390", "ÃÝÑíÞíÇ ÌäæÈ ÇáÕÍÑÇÁ ÇáßÈÑì", "AR"
"367", "BSEC", "AR"
"262", "ÇáãÌãæÚÇÊ ÇáÃæÑæÈíÉ", "AR"
"455", "ÇáãÌãæÚÉ ÇáÇÞÊÕÇÏíÉ áÏæá æÓØ ÃÝÑíÞíÇ", "AR"
"458", "ÇáãÌãæÚÉ ÇáÇÞÊÕÇÏíÉ áÏæá ÛÑÈ ÃÝÑíÞíÇ", "AR"
"307", "ÇáåíÆÉ ÇáÍßæãíÉ ÇáÏæáíÉ áÊÍÞíÞ ÇáÊäãíÉ", "AR"
"333", "ÇáÃÓæÇÞ ÇáÇäÊÞÇáíÉ", "AR"
"445", "ÇáãßÊÈ ÇáÇÞáíãì áÃæÑæÈÇ", "AR"
"352", "ÇáãßÊÈ ÇáÇÞáíãì áÂÓíÇ æÇáãÍíØ ÇáåÇÏì", "AR"
"852", "ÇáãßÊÈ ÇáÇÞáíãì áÂÓíÇ æÇáãÍíØ ÇáåÇÏì", "AR"
"353", "ÇáãßÊÈ ÇáÇÞáíãì ááÔÑÞ ÇáÃÏäì", "AR"
"443", "ÇáãßÊÈ ÇáÇÞáíãì áÃÝÑíÞíÇ", "AR"
"304", "ÇáÇÊÍÇÏ ÇáÃæÑæÈì (12)", "AR"
"305", "ÇáÇÊÍÇÏ ÇáÃæÑæÈì (15)", "AR"
"450", "ÇáÇÊÍÇÏ ÇáÃæÑæÈì (25)", "AR"
"451", "ÇáÇÊÍÇÏ ÇáÃæÑæÈì (27)", "AR"
"434", "ÇáÇÊÍÇÏ ÇáäÞÏì æÇáÇÞÊÕÇÏì áÛÑÈ ÃÝÑíÞíÇ", "AR"
"399", "CACEU", "AR"
"393", "CACM", "AR"
"326", "ÇáÈáÏÇä ÇáäÇãíÉ Ýì ÃãÑíßÇ ÇáÔãÇáíÉ", "AR"
"347", "ÇáÈáÏÇä ÇáäÇãíÉ Ýì ÂÓíÇ", "AR"
"847", "ÇáÈáÏÇä ÇáäÇãíÉ Ýì ÂÓíÇ", "AR"
"302", "ÇáÈáÏÇä ÇáãÊÞÏãÉ Ýì ÃãÑíßÇ ÇáÔãÇáíÉ", "AR"
"343", "ÇáÈáÏÇä ÇáãÊÞÏãÉ Ýì ÂÓíÇ", "AR"
"331", "ÇáÈáÏÇä ÇáÕäÇÚíÉ", "AR"
"408", "CAEU", "AR"
"461", "ÇáÌãÇÚÉ ÇáÇäãÇÆíÉ ááÌäæÈ ÇáÃÝÑíÞì", "AR"
"476", "ÇáÏæá ÇáÃÚÖÇÁ Ýì ÇáãäÙãÉ", "AR"
"460", "ÇáÓæÞ ÇáãÔÊÑßÉ áÏæá ÔÑÞì æÌäæÈì ÃÝÑíÞíÇ", "AR"
"319", "ÇáÔÑÞ ÇáÃÏäì", "AR"
"322", "ÇáÔÑÞ ÇáÃÞÕì", "AR"
"803", "ÇáÔÑÞ ÇáÃÞÕì", "AR"
"822", "ÇáÔÑÞ ÇáÃÞÕì", "AR"
"349", "ÇáÔÑÞ ÇáÃÞÕì æÃæÓíÇäíÇ", "AR"
"805", "ÇáÔÑÞ ÇáÃÞÕì æÃæÓíÇäíÇ", "AR"
"849", "ÇáÔÑÞ ÇáÃÞÕì æÃæÓíÇäíÇ", "AR"
"394", "CARICOM", "AR"
"396", "CARICOM exc Haiti", "AR"
"387", "CARIFORUM exc Haiti", "AR"
"372", "ÇáÚÇáã (ÓÇÈÞÇ)", "AR"
"872", "ÇáÚÇáã (ÓÇÈÞÇ)", "AR"
"431", "CEFTA", "AR"
"454", "ÇÊÍÇÏ ÇáãÛÑÈ ÇáÚÑÈì", "AR"
"330", "ÇÊÝÇÞíÉ ÇáÊÌÇÑÉ ÇáÍÑÉ áÃãÑíßÇ ÇáÔãÇáíÉ", "AR"
"457", "CILSS", "AR"
"426", "ÈáÏÇä ÇáÏÎá ÇáãäÎÝÖ", "AR"
"321", "ÈáÏÇä ÇáÔÑÞ ÇáÃÏäì Ýì ÂÓíÇ", "AR"
"320", "ÈáÏÇä ÇáÔÑÞ ÇáÃÏäì Ýì ÃÝÑíÞíÇ", "AR"
"376", "ÈáÏÇä ÇáÚÌÒ ÇáÛÐÇÆì ÐÇÊ ÇáÏÎá ÇáãäÎÝÖ", "AR"
"876", "ÈáÏÇä ÇáÚÌÒ ÇáÛÐÇÆì ÐÇÊ ÇáÏÎá ÇáãäÎÝÖ", "AR"
"438", "ECA", "AR"
"441", "ECE", "AR"
"456", "ECGL", "AR"
"439", "ECLAC", "AR"
"432", "ECO", "AR"
"477", "EFTA", "AR"
"296", "ÈÑäÇãÌ ÇáÃÛÐíÉ ÇáÚÇáãì", "AR"
"345", "ESCAP", "AR"
"440", "ESCWA", "AR"
"261", "EU(12)ex.int", "AR"
"266", "EU(15)ex.int", "AR"
"503", "ÌåÇÊ ãÊÈÑÚÉ ÃÎÑì", "AR"
"308", "ÌãÚíÉ ÇáÈáØíÞ", "AR"
"365", "IORARC", "AR"
"391", "LAES", "AR"
"462", "LAIA", "AR"
"350", "LAS", "AR"
"442", "LOWA", "AR"
"433", "MERCOSUR", "AR"
"474", "ÑÇÈØÉ ÇáÏæá ÇáãÓÊÞáÉ", "AR"
"336", "ÔãÇá ææÓØ ÃãÑíßÇ", "AR"
"310", "ÔãÇá ÛÑÈ ÃÝÑíÞíÇ", "AR"
"452", "OAPEC", "AR"
"301", "OAU", "AR"
"463", "OECS", "AR"
"446", "OIC", "AR"
"324", "ÔÑÞ æÌäæÈ ÔÑÞ ÂÓíÇ", "AR"
"332", "ÔÑÞ æÌäæÈ ÔÑÞ ÂÓíÇ æÇáÕíä", "AR"
"804", "ÔÑÞ æÌäæÈ ÔÑÞ ÂÓíÇ æÇáÕíä", "AR"
"832", "ÔÑÞ æÌäæÈ ÔÑÞ ÂÓíÇ æÇáÕíä", "AR"
"388", "OPEC", "AR"
"366", "PECC", "AR"
"437", "SAARC", "AR"
"478", "SPC", "AR"
"479", "SPEC", "AR"
"356", "SPF", "AR"
"449", "X", "AR"
"423", "�آ �سيا والمحيط الهادي", "AR"
"238", "إثيوبيا", "AR"
"52", "أذربيجان", "AR"
"164", "أراضي المحيط الهادي الخاضعة للوصاية", "AR"
"71", "أراضى جنوبى فرنسا", "AR"
"299", "أراضي فلسطين المحتلة", "AR"
"1", "أرمينيا", "AR"
"22", "أروبا", "AR"
"178", "إريتريا", "AR"
"203", "إسبانيا", "AR"
"10", "أستراليا", "AR"
"63", "إستونيا", "AR"
"105", "إسرائيل", "AR"
"359", "أفريقيا", "AR"
"5100", "أفريقيا", "AR"
"314", "أفريقيا الجنوبية", "AR"
"5104", "أفريقيا الجنوبية", "AR"
"313", "أفريقيا الشرقية", "AR"
"5101", "أفريقيا الشرقية", "AR"
"5103", "أفريقيا الشمالية", "AR"
"311", "أفريقيا الغربية", "AR"
"5105", "أفريقيا الغربية", "AR"
"5102", "أفريقيا الوسطى", "AR"
"5809", "�أفريقيا جنوب ال �صحراء الكبرى", "AR"
"420", "أفريقيا جنوب الصحراء الكبرى", "AR"
"2", "أفغانستان", "AR"
"58", "إكوادور", "AR"
"3", "ألبانيا", "AR"
"79", "ألمانيا", "AR"
"77", "ألمانيا والنيولاندر (ألمانيا الشرقية)", "AR"
"30", "أنتارتيكا", "AR"
"8", "أنتيغوا وباربودا", "AR"
"6", "أندورا", "AR"
"101", "إندونيسيا", "AR"
"7", "أنغولا", "AR"
"258", "أنغويلا", "AR"
"234", "أوروغواي", "AR"
"235", "أوزبكستان", "AR"
"226", "أوغندا", "AR"
"230", "أوكرانيا", "AR"
"102", "إيران", "AR"
"104", "آيرلندا", "AR"
"99", "آيسلندا", "AR"
"106", "إيطاليا", "AR"
"5501", "استراليا ونيوزيلندا", "AR"
"5300", "اسيا", "AR"
"5303", "اسيا الجنوبية", "AR"
"5302", "اسيا الشرقية", "AR"
"5305", "اسيا الغربية", "AR"
"5301", "اسيا الوسطى", "AR"
"341", "اقتصاديات التخطيط المركزي سابقاً", "AR"
"9", "الأرجنتين", "AR"
"112", "الأردن", "AR"
"225", "الإمارات العربية المتحدة", "AR"
"5706", "الاتحاد الاوروبي", "AR"
"185", "الاتحاد الروسي", "AR"
"228", "الاتحاد السوفييتى", "AR"
"13", "البحرين", "AR"
"21", "البرازيل", "AR"
"174", "البرتغال", "AR"
"415", "البلدان الأقل تقدماً", "AR"
"5801", "البلدان الأقل تقدماً", "AR"
"354", "البلدان المتقدمة", "AR"
"358", "البلدان المتقدمة الأخرى", "AR"
"5705", "البلدان المتقدمة الأفريقية - لا شيئ", "AR"
"5703", "البلدان المتقدمة الاسيوية - اليابان", "AR"
"5701", "البلدان المتقدمة الامريكية", "AR"
"5702", "البلدان المتقدمة الاوروبية", "AR"
"306", "البلدان المتقدمة الاوسيانية", "AR"
"5704", "البلدان المتقدمة الاوسيانية", "AR"
"355", "البلدان النامية", "AR"
"5806", "البلدان النامية  الآسيوية", "AR"
"5804", "البلدان النامية الأفريقية", "AR"
"5805", "البلدان النامية الأمريكية", "AR"
"327", "البلدان النامية الاوسيانية", "AR"
"5807", "البلدان النامية الاوسيانية", "AR"
"402", "البلدان النامية بدون منافذ بحرية", "AR"
"5802", "البلدان النامية بدون منافذ بحرية", "AR"
"80", "البوسنة والهرسك", "AR"
"273", "الجبل الأسود", "AR"
"4", "الجزائر", "AR"
"124", "الجماهيرية العربية الليبية", "AR"
"167", "الجمهورية التشيكية", "AR"
"56", "الجمهورية الدومينيكية", "AR"
"247", "الجمهورية الديمقراطية اليمنية", "AR"
"212", "الجمهورية العربية السورية", "AR"
"246", "الجمهورية اليمنية", "AR"
"54", "الدانمرك", "AR"
"35", "الرأس الأخضر", "AR"
"60", "السلفادور", "AR"
"195", "السنغال", "AR"
"206", "السودان", "AR"
"210", "السويد", "AR"
"325", "الشرق الأدنى وشمال أفريقيا", "AR"
"205", "الصحراء الغربية", "AR"
"201", "الصومال", "AR"
"41", "الصين", "AR"
"351", "الصين", "AR"
"357", "الصين", "AR"
"128", "الصين، مكاو منطقة إدارية خاصة", "AR"
"96", "الصين، هونغ كونغ منطقة إدارية خاصة", "AR"
"245", "الضفة الغربية", "AR"
"362", "العالم", "AR"
"801", "العالم", "AR"
"862", "العالم", "AR"
"5000", "العالم", "AR"
"5700", "العالم البلدان المتقدمة", "AR"
"855", "العالم البلدان النامية", "AR"
"5800", "العالم البلدان النامية", "AR"
"103", "العراق", "AR"
"171", "الفلبين", "AR"
"5206", "الكاريبي", "AR"
"32", "الكاميرون", "AR"
"94", "الكرسي الرسولي", "AR"
"46", "الكونغو", "AR"
"118", "الكويت", "AR"
"143", "المغرب", "AR"
"138", "المكسيك", "AR"
"194", "المملكة العربية السعودية", "AR"
"229", "المملكة المتحدة", "AR"
"24", "المناطق البريطانية في المحيط الهندي", "AR"
"152", "المنطقة المحايدة", "AR"
"162", "النرويج", "AR"
"11", "النمسا", "AR"
"158", "النيجر", "AR"
"100", "الهند", "AR"
"231", "الولايات المتحدة الأمريكية", "AR"
"110", "اليابان", "AR"
"249", "اليمن", "AR"
"84", "اليونان", "AR"
"5202", "امريكا الجنوبية", "AR"
"5207", "امريكا الجنوبية", "AR"
"5200", "اميريكا", "AR"
"5203", "اميريكا الشمالية", "AR"
"5201", "اميريكا الشمالية والوسطى", "AR"
"315", "اميريكا اللاتينية والبحرالكاريبي", "AR"
"5205", "اميريكا اللاتينية والبحرالكاريبي", "AR"
"316", "اميريكا الوسطى", "AR"
"5204", "اميريكا الوسطى", "AR"
"5600", "انتارتيكا", "AR"
"361", "اوروبا", "AR"
"5400", "اوروبا", "AR"
"5403", "اوروبا الجنوبية", "AR"
"334", "اوروبا الشرقية", "AR"
"5401", "اوروبا الشرقية", "AR"
"5402", "اوروبا الشمالية", "AR"
"303", "اوروبا الغربية", "AR"
"5404", "اوروبا الغربية", "AR"
"339", "اوسيانيا", "AR"
"5500", "اوسيانيا", "AR"
"168", "بابوا غينيا الجديدة", "AR"
"169", "باراغواي", "AR"
"165", "باكستان", "AR"
"180", "بالاو", "AR"
"14", "بربادوس", "AR"
"17", "برمودا", "AR"
"26", "برونى دار السلام", "AR"
"255", "بلجيكا", "AR"
"15", "بلجيكا - لكسمبرغ", "AR"
"5808", "بلدان الكومنولث المستقلة النامية", "AR"
"27", "بلغاريا", "AR"
"23", "بليز", "AR"
"16", "بنغلاديش", "AR"
"166", "بنما", "AR"
"53", "بنن", "AR"
"18", "بوتان", "AR"
"20", "بوتسوانا", "AR"
"177", "بورتوريكو", "AR"
"233", "بوركينا فاسو", "AR"
"29", "بوروندي", "AR"
"173", "بولندا", "AR"
"19", "بوليفيا (دولة - المتعددة القوميات)", "AR"
"5504", "بولينيزيا", "AR"
"70", "بولينيزيا الفرنسية", "AR"
"170", "بيرو", "AR"
"57", "بيلاروس", "AR"
"216", "تايلند", "AR"
"213", "تركمانستان", "AR"
"223", "تركيا", "AR"
"220", "ترينيداد وتوباغو", "AR"
"39", "تشاد", "AR"
"51", "تشيكوسلوفاكيا", "AR"
"217", "توغو", "AR"
"227", "توفالو", "AR"
"222", "تونس", "AR"
"219", "تونغا", "AR"
"176", "تيمور- ليشتى", "AR"
"109", "جامايكا", "AR"
"82", "جبل طارق", "AR"
"151", "جزر الأنتيل الهولندية", "AR"
"12", "جزر البهاما", "AR"
"45", "جزر القمر", "AR"
"232", "جزر الولايات المتحدة الصغرى", "AR"
"31", "جزر بوفيه", "AR"
"172", "جزر بيتكيرن", "AR"
"224", "جزر تركس وكايكوس", "AR"
"218", "جزر توكيلاو", "AR"
"271", "جزر جنوب جورجيا وساندويتش", "AR"
"260", "جزر سفالبارد وجان مايين", "AR"
"25", "جزر سليمان", "AR"
"259", "جزر شانيل", "AR"
"65", "جزر فوكلاند (مالفيناس)", "AR"
"239", "جزر فيرجين البريطانية", "AR"
"240", "جزر فيرجين التابعة للولايات المتحدة", "AR"
"64", "جزر فيرويه", "AR"
"34", "جزر كانتون وإنديربيري", "AR"
"36", "جزر كايمان", "AR"
"42", "جزر كريسماس", "AR"
"47", "جزر كوك", "AR"
"43", "جزر كوكوس (كيلنغ)", "AR"
"127", "جزر مارشال", "AR"
"163", "جزر ماريانا الشمالية", "AR"
"139", "جزر ميد واي", "AR"
"92", "جزر هيرد وماكدونالد", "AR"
"243", "جزر واليس وفوتونا", "AR"
"111", "جزيرة جونستون", "AR"
"264", "جزيرة مان", "AR"
"161", "جزيرة نورفولك، مناطق تابعة لجزيرة لنورفولك", "AR"
"242", "جزيرة ويك", "AR"
"37", "جمهورية أفريقيا الوسطى", "AR"
"62", "جمهورية اثيوبيا الديمقراطية الاتحادية", "AR"
"250", "جمهورية الكونغو الديمقراطية", "AR"
"78", "جمهورية المانيا الاتحادية", "AR"
"215", "جمهورية تنزانيا المتحدة", "AR"
"117", "جمهورية كوريا", "AR"
"116", "جمهورية كوريا الديمقراطية الشعبية", "AR"
"120", "جمهورية لاو الديمقراطية الشعبية", "AR"
"154", "جمهورية مقدونيا اليوغوسلافية السابقة", "AR"
"146", "جمهورية مولدوفا", "AR"
"248", "جمهورية يوغوسلافيا الاشتراكية الاتحادية", "AR"
"323", "جنوب آسيا", "AR"
"202", "جنوب أفريقيا", "AR"
"5304", "جنوب-شرق اسيا", "AR"
"88", "جوام", "AR"
"73", "جورجيا", "AR"
"72", "جيبوتي", "AR"
"378", "دول الجزر الصغيرة النامية", "AR"
"5803", "دول الجزر الصغيرة النامية", "AR"
"55", "دومينيكا", "AR"
"184", "رواندا", "AR"
"183", "رومانيا", "AR"
"182", "رييونيون", "AR"
"251", "زامبيا", "AR"
"181", "زمبابوي", "AR"
"244", "ساموا", "AR"
"5", "ساموا الأمريكية", "AR"
"190", "سان بيير ومكويلون", "AR"
"193", "سان تومي وبرنسيبي", "AR"
"192", "سان مارينو", "AR"
"191", "سانت فنسنت وجزر غرينادين", "AR"
"188", "سانت كيتس ونيفيس", "AR"
"189", "سانت لوسيا", "AR"
"187", "سانت هيلينا", "AR"
"38", "سري لانكا", "AR"
"199", "سلوفاكيا", "AR"
"198", "سلوفينيا", "AR"
"200", "سنغافورة", "AR"
"209", "سوازيلند", "AR"
"207", "سورينام", "AR"
"211", "سويسرا", "AR"
"197", "سيراليون", "AR"
"196", "سيشيل", "AR"
"337", "شرق وجنوب شرق آسيا", "AR"
"40", "شيلى", "AR"
"272", "صربيا", "AR"
"186", "صربيا والجبل الأسود", "AR"
"208", "طاجيكستان", "AR"
"221", "عمان", "AR"
"74", "غابون", "AR"
"75", "غامبيا", "AR"
"81", "غانا", "AR"
"86", "غرينادا", "AR"
"85", "غرينلاند", "AR"
"89", "غواتيمالا", "AR"
"87", "غوادالوب", "AR"
"69", "غوايانا الفرنسية", "AR"
"274", "غويرنسي", "AR"
"91", "غيانا", "AR"
"90", "غينيا", "AR"
"175", "غينيا - بيساو", "AR"
"61", "غينيا الاستوائية", "AR"
"155", "فانواتو", "AR"
"68", "فرنسا", "AR"
"236", "فنزويلا (جمهورية .. البوليفارية)", "AR"
"67", "فنلندا", "AR"
"66", "فيجي", "AR"
"237", "فييت نام", "AR"
"50", "قبرص", "AR"
"76", "قطاع غزة (فلسطين)", "AR"
"179", "قطر", "AR"
"113", "قيرغيزستان", "AR"
"108", "كازاخستان", "AR"
"153", "كاليدونيا الجديدة", "AR"
"98", "كرواتيا", "AR"
"115", "كمبوديا", "AR"
"33", "كندا", "AR"
"49", "كوبا", "AR"
"107", "كوت ديفوار", "AR"
"48", "كوستاريكا", "AR"
"44", "كولومبيا", "AR"
"83", "كيريباس", "AR"
"114", "كينيا", "AR"
"119", "لاتفيا", "AR"
"121", "لبنان", "AR"
"125", "لختنشتاين", "AR"
"256", "لكسمبرغ", "AR"
"123", "ليبريا", "AR"
"126", "ليتوانيا", "AR"
"122", "ليسوتو", "AR"
"135", "مارتينيك", "AR"
"134", "مالطة", "AR"
"133", "مالي", "AR"
"131", "ماليزيا", "AR"
"270", "مايوت", "AR"
"129", "مدغشقر", "AR"
"59", "مصر", "AR"
"214", "مفاطعة تايوان فى الصين", "AR"
"130", "ملاوي", "AR"
"132", "ملديف", "AR"
"141", "منغوليا", "AR"
"136", "موريتانيا", "AR"
"137", "موريشيوس", "AR"
"144", "موزامبيق", "AR"
"140", "موناكو", "AR"
"142", "مونسراط", "AR"
"28", "ميانمار", "AR"
"145", "ميكرونيزيا", "AR"
"5503", "ميكرونيزيا", "AR"
"5502", "ميلانيزيا", "AR"
"147", "ناميبيا", "AR"
"148", "ناورو", "AR"
"149", "نيبال", "AR"
"159", "نيجيريا", "AR"
"157", "نيكاراغوا", "AR"
"156", "نيوزيلندا", "AR"
"160", "نيوى", "AR"
"93", "هايتي", "AR"
"95", "هندوراس", "AR"
"97", "هنغاريا", "AR"
"150", "هولندا", "AR"
"31", "null", "ZH"
"252", "null", "ZH"
"254", "null", "ZH"
"264", "null", "ZH"
"265", "null", "ZH"
"270", "null", "ZH"
"271", "null", "ZH"
"308", "null", "ZH"
"414", "null", "ZH"
"416", "null", "ZH"
"417", "null", "ZH"
"421", "null", "ZH"
"422", "null", "ZH"
"423", "null", "ZH"
"424", "null", "ZH"
"425", "null", "ZH"
"427", "null", "ZH"
"428", "null", "ZH"
"435", "null", "ZH"
"436", "null", "ZH"
"5009", "null", "ZH"
"5809", "null", "ZH"
"5810", "null", "ZH"
"5811", "null", "ZH"
"5812", "null", "ZH"
"5813", "null", "ZH"
"5814", "null", "ZH"
"5830", "null", "ZH"
"5831", "null", "ZH"
"5832", "null", "ZH"
"5833", "null", "ZH"
"5834", "null", "ZH"
"5835", "null", "ZH"
"5836", "null", "ZH"
"5837", "null", "ZH"
"5838", "null", "ZH"
"330", "±±ÃÀ×ÔÓÉÃ³Ò×Ð­»á", "ZH"
"302", "±±ÃÀ·¢´ï¹ú¼Ò", "ZH"
"326", "±±ÃÀ·¢Õ¹ÖÐ¹ú¼Ò", "ZH"
"336", "±±ÃÀºÍÖÐÃÀ", "ZH"
"333", "×ªÐÍÊÐ³¡", "ZH"
"454", "°¢À­²®±±²¿ÁªÃË", "ZH"
"468", "°£Èû¶í±ÈÑÇ(Ç°ÁìÍÁ)", "ZH"
"426", "µÍÊÕÈë¹ú¼Ò", "ZH"
"376", "µÍÊÕÈëÊ³Îï¶ÌÈ±¹ú¼Ò", "ZH"
"876", "µÍÊÕÈëÊ³Îï¶ÌÈ±¹ú¼Ò", "ZH"
"460", "¶«ÄÏ·ÇÖÞ¹²Í¬ÊÐ³¡", "ZH"
"332", "¶«ÑÇ¡¢¶«ÄÏÑÇºÍÖÐ¹ú", "ZH"
"804", "¶«ÑÇ¡¢¶«ÄÏÑÇºÍÖÐ¹ú", "ZH"
"832", "¶«ÑÇ¡¢¶«ÄÏÑÇºÍÖÐ¹ú", "ZH"
"324", "¶«ÑÇºÍ¶«ÄÏÑÇ", "ZH"
"474", "¶ÀÁªÌå", "ZH"
"413", "·ÇÖÞ¡¢¼ÓÀÕ±Èº£ºÍÌ«Æ½Ñó¹ú¼Ò", "ZH"
"340", "·ÇÖÞ·¢´ï¹ú¼Ò", "ZH"
"309", "·ÇÖÞ·¢Õ¹ÖÐ¹ú¼Ò", "ZH"
"320", "·ÇÖÞ½ü¶«", "ZH"
"443", "·ÇÖÞÇøÓò°ì¹«ÊÒ", "ZH"
"317", "¼ÓÀÕ±È¹ú¼Ò", "ZH"
"319", "½ü¶«", "ZH"
"353", "½ü¶«ÇøÓò°ì¹«ÊÒ", "ZH"
"473", "½Ý¿Ë(Ç°ÁìÍÁ)", "ZH"
"342", "¾­¼ÃÐ­×÷ºÍ·¢Õ¹×éÖ¯", "ZH"
"331", "¹¤Òµ»¯¹ú¼Ò", "ZH"
"296", "Á¸Ê³¼Æ»®Êð", "ZH"
"262", "Å·¹²Ìå", "ZH"
"304", "Å·ÃË12¹ú", "ZH"
"305", "Å·ÃË15¹ú", "ZH"
"450", "Å·ÃË25¹ú", "ZH"
"268", "Å·ÃË25¹ú£¬²»°üÀ¨ÄÚ²¿Ã³Ò×", "ZH"
"269", "Å·ÃË25¹ú£¬²»°üÀ¨ÄÚ²¿Ã³Ò×", "ZH"
"451", "Å·ÃË27¹ú", "ZH"
"445", "Å·ÖÞÇøÓò°ì¹«ÊÒ", "ZH"
"329", "Å·ÖÞºÍ²¨ÂÞµÄº£¹ú¼Ò", "ZH"
"348", "À­ÃÀ", "ZH"
"444", "À­ÃÀºÍ¼ÓÀÕ±Èº£ÇøÓò°ì¹«ÊÒ", "ZH"
"503", "ÆäËû¾èÖúÕß", "ZH"
"461", "ÄÏ·Ç·¢Õ¹Î¯Ô±»á", "ZH"
"318", "ÄÏÃÀ", "ZH"
"466", "ÄÏË¹À­·ò(Ç°ÁìÍÁ)", "ZH"
"369", "Ç°·ÇÖÞ", "ZH"
"371", "Ç°Å·ÖÞ", "ZH"
"372", "Ç°ÊÀ½ç", "ZH"
"872", "Ç°ÊÀ½ç", "ZH"
"370", "Ç°ÑÇÖÞ", "ZH"
"870", "Ç°ÑÇÖÞ", "ZH"
"396", "CARICOM exc Haiti", "ZH"
"389", "CARIFORUM", "ZH"
"387", "CARIFORUM exc Haiti", "ZH"
"504", "Ê¯ÓÍÊä³ö¹ú×éÖ¯", "ZH"
"401", "Ê³Îï¾»½ø¿Ú·¢Õ¹ÖÐ¹ú¼Ò", "ZH"
"5817", "Ê³Îï¾»½ø¿Ú·¢Õ¹ÖÐ¹ú¼Ò", "ZH"
"390", "Èö¹þÀ­ÒÔÄÏµØÇø", "ZH"
"344", "ËÕÁª(Å·ÖÞ²¿·Ö)", "ZH"
"469", "ËÕÁª(Ç°ÁìÍÁ)", "ZH"
"346", "ËÕÁª(ÑÇÖÞ²¿·Ö)", "ZH"
"500", "ËùÓÐ¾èÖúÕß", "ZH"
"476", "FAO³ÉÔ±¹ú", "ZH"
"310", "Î÷±±·Ç", "ZH"
"434", "Î÷·Ç¾­¼Ã»õ±ÒÁªÃË", "ZH"
"458", "Î÷·Ç¹ú¼Ò¾­¼Ã¹²Í¬Ìå", "ZH"
"352", "ÑÇÌ«ÇøÓò°ì¹«ÊÒ", "ZH"
"852", "ÑÇÌ«ÇøÓò°ì¹«ÊÒ", "ZH"
"360", "ÑÇÖÞ", "ZH"
"802", "ÑÇÖÞ", "ZH"
"860", "ÑÇÖÞ", "ZH"
"343", "ÑÇÖÞ·¢´ï¹ú¼Ò", "ZH"
"347", "ÑÇÖÞ·¢Õ¹ÖÐ¹ú¼Ò", "ZH"
"847", "ÑÇÖÞ·¢Õ¹ÖÐ¹ú¼Ò", "ZH"
"321", "ÑÇÖÞ½ü¶«", "ZH"
"465", "º£ÍåºÏ×÷ÀíÊÂ»á", "ZH"
"322", "Ô¶¶«", "ZH"
"803", "Ô¶¶«", "ZH"
"822", "Ô¶¶«", "ZH"
"349", "Ô¶¶«ºÍ´óÑóÖÝ", "ZH"
"805", "Ô¶¶«ºÍ´óÑóÖÝ", "ZH"
"849", "Ô¶¶«ºÍ´óÑóÖÝ", "ZH"
"312", "ÖÐ·Ç", "ZH"
"455", "ÖÐ·Ç¹ú¼Ò¾­¼Ã¹²Í¬Ìå", "ZH"
"328", "ÖÐÃÀÖÞ¹ú¼ÒºÍ¼ÓÀÕ±Èº£", "ZH"
"307", "Õþ¸®¼ä·¢Õ¹¹ÜÀí»ú¹¹", "ZH"
"261", "X", "ZH"
"266", "X", "ZH"
"301", "X", "ZH"
"345", "X", "ZH"
"350", "X", "ZH"
"356", "X", "ZH"
"363", "X", "ZH"
"364", "X", "ZH"
"365", "X", "ZH"
"366", "X", "ZH"
"367", "X", "ZH"
"388", "X", "ZH"
"391", "X", "ZH"
"393", "X", "ZH"
"394", "X", "ZH"
"395", "X", "ZH"
"399", "X", "ZH"
"408", "X", "ZH"
"412", "X", "ZH"
"431", "X", "ZH"
"432", "X", "ZH"
"433", "X", "ZH"
"437", "X", "ZH"
"438", "X", "ZH"
"439", "X", "ZH"
"440", "X", "ZH"
"441", "X", "ZH"
"442", "X", "ZH"
"446", "X", "ZH"
"449", "X", "ZH"
"452", "X", "ZH"
"456", "X", "ZH"
"457", "X", "ZH"
"462", "X", "ZH"
"463", "X", "ZH"
"464", "X", "ZH"
"477", "X", "ZH"
"478", "X", "ZH"
"479", "X", "ZH"
"18", "不 丹", "ZH"
"362", "世界", "ZH"
"801", "世界", "ZH"
"862", "世界", "ZH"
"5000", "世界", "ZH"
"855", "世界发展中国家", "ZH"
"5800", "世界发展中国家", "ZH"
"5700", "世界发达国家", "ZH"
"5302", "东亚", "ZH"
"337", "东亚和东南亚", "ZH"
"5304", "东南亚", "ZH"
"176", "东帝汶", "ZH"
"334", "东欧", "ZH"
"5401", "东欧", "ZH"
"313", "东非", "ZH"
"5101", "东非", "ZH"
"41", "中 国", "ZH"
"5301", "中亚", "ZH"
"5201", "中北美", "ZH"
"351", "中国", "ZH"
"357", "中国", "ZH"
"214", "中国台湾省", "ZH"
"128", "中国澳门特区", "ZH"
"96", "中国香港特区", "ZH"
"152", "中性区", "ZH"
"316", "中美", "ZH"
"5204", "中美", "ZH"
"139", "中途岛", "ZH"
"5102", "中非", "ZH"
"37", "中非共和国", "ZH"
"54", "丹 麦", "ZH"
"230", "乌克兰", "ZH"
"235", "乌兹别克斯坦", "ZH"
"226", "乌干达", "ZH"
"234", "乌拉圭", "ZH"
"39", "乍 得", "ZH"
"249", "也 门", "ZH"
"247", "也门民", "ZH"
"5300", "亚洲", "ZH"
"5806", "亚洲发展中国家", "ZH"
"5703", "亚洲发达国家 (日本)", "ZH"
"1", "亚美尼亚", "ZH"
"105", "以色列", "ZH"
"102", "伊 朗(伊斯兰共和国)", "ZH"
"103", "伊拉克", "ZH"
"23", "伯利兹", "ZH"
"5815", "低收入缺粮国家（LIFDC）", "ZH"
"35", "佛得角", "ZH"
"185", "俄罗斯联邦", "ZH"
"27", "保加利亚", "ZH"
"98", "克罗地亚", "ZH"
"88", "关岛", "ZH"
"358", "其他发达国家", "ZH"
"402", "内陆发展中国家", "ZH"
"5802", "内陆发展中国家", "ZH"
"75", "冈比亚", "ZH"
"99", "冰 岛", "ZH"
"90", "几内亚", "ZH"
"175", "几内亚比绍", "ZH"
"125", "列支敦士登", "ZH"
"46", "刚 果", "ZH"
"250", "刚果民主共和国", "ZH"
"123", "利比里亚", "ZH"
"341", "前中央计划经济体", "ZH"
"154", "前南斯拉夫的马其顿共和国", "ZH"
"81", "加 纳", "ZH"
"74", "加 蓬", "ZH"
"5206", "加勒比", "ZH"
"33", "加拿大", "ZH"
"97", "匈牙利", "ZH"
"5402", "北欧", "ZH"
"5203", "北美", "ZH"
"5103", "北非", "ZH"
"163", "北马里亚纳群岛", "ZH"
"323", "南 亚", "ZH"
"202", "南 非", "ZH"
"5303", "南亚", "ZH"
"248", "南斯拉夫联邦共和国", "ZH"
"30", "南极洲", "ZH"
"5600", "南极洲", "ZH"
"5403", "南欧", "ZH"
"5202", "南美", "ZH"
"5207", "南美", "ZH"
"314", "南非", "ZH"
"5104", "南非", "ZH"
"20", "博茨瓦纳", "ZH"
"179", "卡塔尔", "ZH"
"184", "卢旺达", "ZH"
"256", "卢森堡", "ZH"
"100", "印 度", "ZH"
"101", "印度尼西亚", "ZH"
"89", "危地马拉", "ZH"
"58", "厄瓜多尔", "ZH"
"178", "厄立特里亚", "ZH"
"355", "发展中国家", "ZH"
"378", "发展中小岛国", "ZH"
"5803", "发展中小岛国", "ZH"
"354", "发达国家", "ZH"
"49", "古 巴", "ZH"
"43", "可可群岛", "ZH"
"113", "吉尔吉斯斯坦", "ZH"
"72", "吉布提", "ZH"
"108", "哈萨克斯坦", "ZH"
"44", "哥伦比亚", "ZH"
"48", "哥斯达黎加", "ZH"
"32", "喀麦隆", "ZH"
"227", "图瓦卢", "ZH"
"213", "土库曼斯坦", "ZH"
"223", "土耳其", "ZH"
"189", "圣卢西亚", "ZH"
"188", "圣基茨和尼维斯", "ZH"
"193", "圣多美和普林西比", "ZH"
"191", "圣文森特和格林纳丁斯", "ZH"
"190", "圣皮埃尔和密克隆", "ZH"
"42", "圣诞岛", "ZH"
"187", "圣赫勒拿", "ZH"
"192", "圣马力诺", "ZH"
"91", "圭亚那", "ZH"
"34", "坎顿和恩德贝里群岛", "ZH"
"215", "坦桑尼亚联合共和国", "ZH"
"59", "埃 及", "ZH"
"62", "埃塞俄比", "ZH"
"238", "埃塞俄比亚", "ZH"
"83", "基里巴斯", "ZH"
"208", "塔吉克斯坦", "ZH"
"195", "塞内加尔", "ZH"
"272", "塞尔维亚", "ZH"
"186", "塞尔维亚和黑山", "ZH"
"197", "塞拉利昂", "ZH"
"50", "塞浦路斯", "ZH"
"196", "塞舌尔", "ZH"
"138", "墨西哥", "ZH"
"217", "多 哥", "ZH"
"55", "多米尼克", "ZH"
"56", "多米尼加共和国", "ZH"
"339", "大洋洲", "ZH"
"5500", "大洋洲", "ZH"
"327", "大洋洲发展中国家", "ZH"
"5807", "大洋洲发展中国家", "ZH"
"306", "大洋洲发达国家", "ZH"
"5704", "大洋洲发达国家", "ZH"
"117", "大韩民国", "ZH"
"164", "太平洋岛屿托管区", "ZH"
"11", "奥地利", "ZH"
"236", "委内瑞拉 (玻利瓦尔共和国)", "ZH"
"242", "威克岛（美国）", "ZH"
"16", "孟加拉国", "ZH"
"7", "安哥拉", "ZH"
"258", "安圭拉", "ZH"
"8", "安提瓜和巴布达", "ZH"
"6", "安道尔", "ZH"
"5503", "密克罗尼西亚", "ZH"
"145", "密克罗尼西亚(联邦)", "ZH"
"157", "尼加拉瓜", "ZH"
"159", "尼日利亚", "ZH"
"158", "尼日尔", "ZH"
"149", "尼泊尔", "ZH"
"13", "巴 林", "ZH"
"21", "巴 西", "ZH"
"299", "巴勒斯坦被占领土", "ZH"
"12", "巴哈马", "ZH"
"165", "巴基斯坦", "ZH"
"14", "巴巴多斯", "ZH"
"168", "巴布亚新几内亚", "ZH"
"169", "巴拉圭", "ZH"
"166", "巴拿马", "ZH"
"233", "布基纳法索", "ZH"
"29", "布隆迪", "ZH"
"84", "希 腊", "ZH"
"180", "帕 劳", "ZH"
"47", "库克群岛", "ZH"
"36", "开曼群岛", "ZH"
"79", "德 国", "ZH"
"77", "德国新建州", "ZH"
"78", "德意志", "ZH"
"106", "意大利", "ZH"
"25", "所罗门群岛", "ZH"
"218", "托克劳", "ZH"
"315", "拉美和加勒比", "ZH"
"5205", "拉美和加勒比", "ZH"
"119", "拉脱维亚", "ZH"
"162", "挪 威", "ZH"
"167", "捷克共和国", "ZH"
"51", "捷克斯", "ZH"
"146", "摩尔多瓦共和国", "ZH"
"143", "摩洛哥", "ZH"
"140", "摩纳哥", "ZH"
"420", "撒哈拉以南非洲", "ZH"
"94", "教廷", "ZH"
"26", "文莱达鲁萨兰国", "ZH"
"66", "斐 济", "ZH"
"209", "斯威士兰", "ZH"
"199", "斯洛伐克", "ZH"
"198", "斯洛文尼亚", "ZH"
"260", "斯瓦尔巴特群岛", "ZH"
"38", "斯里兰卡", "ZH"
"200", "新加坡", "ZH"
"153", "新喀里多尼亚", "ZH"
"156", "新西兰", "ZH"
"110", "日 本", "ZH"
"40", "智 利", "ZH"
"415", "最不发达国家", "ZH"
"5801", "最不发达国家", "ZH"
"116", "朝鲜民主主义人民共和国", "ZH"
"115", "柬埔寨", "ZH"
"274", "格恩西岛(海峡群岛)", "ZH"
"86", "格林纳达", "ZH"
"85", "格陵兰", "ZH"
"73", "格鲁吉亚", "ZH"
"361", "欧洲", "ZH"
"5400", "欧洲", "ZH"
"5706", "欧洲个发达国家", "ZH"
"5702", "欧洲发达国家", "ZH"
"15", "比利时", "ZH"
"255", "比利时", "ZH"
"136", "毛里塔尼亚", "ZH"
"137", "毛里求斯", "ZH"
"219", "汤 加", "ZH"
"194", "沙特阿拉伯", "ZH"
"68", "法 国", "ZH"
"71", "法国南部领", "ZH"
"69", "法属圭亚那", "ZH"
"70", "法属波利尼西亚", "ZH"
"64", "法罗群岛", "ZH"
"173", "波 兰", "ZH"
"5504", "波利尼西亚", "ZH"
"177", "波多黎各", "ZH"
"80", "波斯尼亚－黑塞哥维那", "ZH"
"216", "泰 国", "ZH"
"181", "津巴布韦", "ZH"
"95", "洪都拉斯", "ZH"
"93", "海 地", "ZH"
"259", "海峡群岛", "ZH"
"10", "澳大利亚", "ZH"
"5501", "澳大利亚和新西兰", "ZH"
"104", "爱尔兰", "ZH"
"63", "爱沙尼亚", "ZH"
"109", "牙买加", "ZH"
"224", "特克斯和凯科斯群岛", "ZH"
"220", "特立尼达和多巴哥", "ZH"
"5808", "独联体发展中国家", "ZH"
"19", "玻利维亚多民族国", "ZH"
"148", "瑙 鲁", "ZH"
"210", "瑞 典", "ZH"
"211", "瑞 士", "ZH"
"87", "瓜德罗普", "ZH"
"243", "瓦利斯和富图纳群岛", "ZH"
"155", "瓦努阿图", "ZH"
"182", "留尼汪", "ZH"
"57", "白俄罗斯", "ZH"
"17", "百慕大", "ZH"
"172", "皮特克恩岛", "ZH"
"82", "直布罗陀", "ZH"
"65", "福克兰群岛", "ZH"
"118", "科威特", "ZH"
"45", "科摩罗", "ZH"
"107", "科特迪瓦", "ZH"
"170", "秘 鲁", "ZH"
"222", "突尼斯", "ZH"
"126", "立陶宛", "ZH"
"201", "索马里", "ZH"
"112", "约 旦", "ZH"
"111", "约翰斯顿岛", "ZH"
"147", "纳米比亚", "ZH"
"160", "纽 埃", "ZH"
"28", "缅 甸", "ZH"
"183", "罗马尼亚", "ZH"
"231", "美 国", "ZH"
"232", "美国小离岛", "ZH"
"240", "美属维尔京群岛", "ZH"
"5", "美属萨摩亚", "ZH"
"5502", "美拉尼西亚", "ZH"
"5200", "美洲", "ZH"
"5805", "美洲发展中国家", "ZH"
"5701", "美洲发达国家", "ZH"
"120", "老挝人民民主共和国", "ZH"
"229", "联合王国", "ZH"
"114", "肯尼亚", "ZH"
"67", "芬 兰", "ZH"
"206", "苏 丹", "ZH"
"228", "苏联", "ZH"
"207", "苏里南", "ZH"
"239", "英属维尔京群岛", "ZH"
"24", "英辖印度洋海域", "ZH"
"150", "荷 兰", "ZH"
"151", "荷属安的列斯", "ZH"
"144", "莫桑比克", "ZH"
"122", "莱索托", "ZH"
"171", "菲律宾", "ZH"
"60", "萨尔瓦多", "ZH"
"244", "萨摩亚", "ZH"
"174", "葡萄牙", "ZH"
"141", "蒙 古", "ZH"
"142", "蒙特塞拉", "ZH"
"5305", "西亚", "ZH"
"245", "西岸", "ZH"
"205", "西撒哈拉", "ZH"
"303", "西欧", "ZH"
"5404", "西欧", "ZH"
"203", "西班牙", "ZH"
"311", "西非", "ZH"
"5105", "西非", "ZH"
"161", "诺福克岛", "ZH"
"53", "贝 宁", "ZH"
"251", "赞比亚", "ZH"
"61", "赤道几内亚", "ZH"
"92", "赫德和麦克唐纳群岛", "ZH"
"237", "越 南", "ZH"
"325", "近东和北非", "ZH"
"76", "迦沙地带(巴勒斯坦)", "ZH"
"221", "阿 曼", "ZH"
"52", "阿塞拜疆", "ZH"
"2", "阿富汗", "ZH"
"4", "阿尔及利亚", "ZH"
"3", "阿尔巴尼亚", "ZH"
"246", "阿拉伯也", "ZH"
"124", "阿拉伯利比亚民众国", "ZH"
"212", "阿拉伯叙利亚共和国", "ZH"
"225", "阿拉伯联合酋长国", "ZH"
"9", "阿根廷", "ZH"
"22", "阿鲁巴岛", "ZH"
"359", "非洲", "ZH"
"5100", "非洲", "ZH"
"5804", "非洲发展中国家", "ZH"
"5705", "非洲发达国家", "ZH"
"133", "马 里", "ZH"
"132", "马尔代夫", "ZH"
"130", "马拉维", "ZH"
"135", "马提尼克", "ZH"
"131", "马来西亚", "ZH"
"127", "马绍尔群岛", "ZH"
"134", "马耳他", "ZH"
"129", "马达加斯加", "ZH"
"121", "黎巴嫩", "ZH"
"273", "黑山", "ZH"
"252", "null", "RU"
"254", "null", "RU"
"261", "null", "RU"
"262", "null", "RU"
"265", "null", "RU"
"266", "null", "RU"
"268", "null", "RU"
"269", "null", "RU"
"296", "null", "RU"
"301", "null", "RU"
"302", "null", "RU"
"303", "null", "RU"
"304", "null", "RU"
"305", "null", "RU"
"306", "null", "RU"
"307", "null", "RU"
"308", "null", "RU"
"309", "null", "RU"
"310", "null", "RU"
"311", "null", "RU"
"312", "null", "RU"
"313", "null", "RU"
"314", "null", "RU"
"316", "null", "RU"
"317", "null", "RU"
"318", "null", "RU"
"319", "null", "RU"
"320", "null", "RU"
"321", "null", "RU"
"322", "null", "RU"
"324", "null", "RU"
"326", "null", "RU"
"327", "null", "RU"
"328", "null", "RU"
"329", "null", "RU"
"330", "null", "RU"
"331", "null", "RU"
"332", "null", "RU"
"333", "null", "RU"
"334", "null", "RU"
"336", "null", "RU"
"339", "null", "RU"
"340", "null", "RU"
"342", "null", "RU"
"343", "null", "RU"
"344", "null", "RU"
"345", "null", "RU"
"346", "null", "RU"
"347", "null", "RU"
"348", "null", "RU"
"349", "null", "RU"
"350", "null", "RU"
"352", "null", "RU"
"353", "null", "RU"
"356", "null", "RU"
"359", "null", "RU"
"360", "null", "RU"
"361", "null", "RU"
"363", "null", "RU"
"364", "null", "RU"
"365", "null", "RU"
"366", "null", "RU"
"367", "null", "RU"
"369", "null", "RU"
"370", "null", "RU"
"371", "null", "RU"
"372", "null", "RU"
"376", "null", "RU"
"378", "null", "RU"
"387", "null", "RU"
"388", "null", "RU"
"389", "null", "RU"
"390", "null", "RU"
"391", "null", "RU"
"393", "null", "RU"
"394", "null", "RU"
"395", "null", "RU"
"396", "null", "RU"
"399", "null", "RU"
"401", "null", "RU"
"402", "null", "RU"
"408", "null", "RU"
"412", "null", "RU"
"413", "null", "RU"
"414", "null", "RU"
"415", "null", "RU"
"416", "null", "RU"
"417", "null", "RU"
"421", "null", "RU"
"422", "null", "RU"
"423", "null", "RU"
"424", "null", "RU"
"425", "null", "RU"
"426", "null", "RU"
"427", "null", "RU"
"428", "null", "RU"
"431", "null", "RU"
"432", "null", "RU"
"433", "null", "RU"
"434", "null", "RU"
"435", "null", "RU"
"436", "null", "RU"
"437", "null", "RU"
"438", "null", "RU"
"439", "null", "RU"
"440", "null", "RU"
"441", "null", "RU"
"442", "null", "RU"
"443", "null", "RU"
"444", "null", "RU"
"445", "null", "RU"
"446", "null", "RU"
"449", "null", "RU"
"450", "null", "RU"
"451", "null", "RU"
"452", "null", "RU"
"454", "null", "RU"
"455", "null", "RU"
"456", "null", "RU"
"457", "null", "RU"
"458", "null", "RU"
"460", "null", "RU"
"461", "null", "RU"
"462", "null", "RU"
"463", "null", "RU"
"464", "null", "RU"
"465", "null", "RU"
"466", "null", "RU"
"468", "null", "RU"
"469", "null", "RU"
"473", "null", "RU"
"474", "null", "RU"
"476", "null", "RU"
"477", "null", "RU"
"478", "null", "RU"
"479", "null", "RU"
"500", "null", "RU"
"503", "null", "RU"
"504", "null", "RU"
"801", "null", "RU"
"802", "null", "RU"
"803", "null", "RU"
"804", "null", "RU"
"805", "null", "RU"
"822", "null", "RU"
"832", "null", "RU"
"847", "null", "RU"
"849", "null", "RU"
"852", "null", "RU"
"855", "null", "RU"
"860", "null", "RU"
"862", "null", "RU"
"870", "null", "RU"
"872", "null", "RU"
"876", "null", "RU"
"5000", "null", "RU"
"5009", "null", "RU"
"5100", "null", "RU"
"5101", "null", "RU"
"5102", "null", "RU"
"5103", "null", "RU"
"5104", "null", "RU"
"5105", "null", "RU"
"5200", "null", "RU"
"5201", "null", "RU"
"5202", "null", "RU"
"5203", "null", "RU"
"5204", "null", "RU"
"5205", "null", "RU"
"5206", "null", "RU"
"5207", "null", "RU"
"5300", "null", "RU"
"5301", "null", "RU"
"5302", "null", "RU"
"5303", "null", "RU"
"5304", "null", "RU"
"5305", "null", "RU"
"5400", "null", "RU"
"5401", "null", "RU"
"5402", "null", "RU"
"5403", "null", "RU"
"5404", "null", "RU"
"5500", "null", "RU"
"5501", "null", "RU"
"5502", "null", "RU"
"5503", "null", "RU"
"5504", "null", "RU"
"5600", "null", "RU"
"5700", "null", "RU"
"5701", "null", "RU"
"5702", "null", "RU"
"5703", "null", "RU"
"5704", "null", "RU"
"5705", "null", "RU"
"5800", "null", "RU"
"5801", "null", "RU"
"5802", "null", "RU"
"5803", "null", "RU"
"5804", "null", "RU"
"5805", "null", "RU"
"5806", "null", "RU"
"5807", "null", "RU"
"5808", "null", "RU"
"5809", "null", "RU"
"5810", "null", "RU"
"5811", "null", "RU"
"5812", "null", "RU"
"5813", "null", "RU"
"5814", "null", "RU"
"5815", "null", "RU"
"5817", "null", "RU"
"5830", "null", "RU"
"5831", "null", "RU"
"5832", "null", "RU"
"5833", "null", "RU"
"5834", "null", "RU"
"5835", "null", "RU"
"5836", "null", "RU"
"5837", "null", "RU"
"5838", "null", "RU"
"10", "Австралия", "RU"
"11", "Австрия", "RU"
"52", "Азербайджан", "RU"
"3", "Албания", "RU"
"4", "Алжир", "RU"
"5", "Американское Самоа", "RU"
"258", "Ангилья", "RU"
"7", "Ангола", "RU"
"6", "Андорра", "RU"
"30", "Антарктика", "RU"
"8", "Антигуа и Барбуда", "RU"
"9", "Аргентина", "RU"
"1", "Армения", "RU"
"22", "Аруба", "RU"
"2", "Афганистан", "RU"
"420", "Африки К югу от Сахары", "RU"
"12", "Багамские Острова", "RU"
"16", "Бангладеш", "RU"
"14", "Барбадос", "RU"
"13", "Бахрейн", "RU"
"57", "Беларусь", "RU"
"23", "Белиз", "RU"
"255", "Бельгия", "RU"
"15", "Бельгия-Люксембург", "RU"
"53", "Бенин", "RU"
"17", "Бермуды", "RU"
"325", "Ближний Восток и Северная Африка", "RU"
"27", "Болгария", "RU"
"19", "Боливия (Многонациогнальное Государство)", "RU"
"80", "Босния и Герцеговина", "RU"
"20", "Ботсвана", "RU"
"21", "Бразилия", "RU"
"24", "Британская Территория в Индийском Океане", "RU"
"239", "Британские Виргинские острова", "RU"
"26", "Бруней-Даруссалам", "RU"
"233", "Буркина-Фасо", "RU"
"29", "Бурунди", "RU"
"18", "Бутан", "RU"
"154", "бывшая югославская Республика Македония", "RU"
"341", "Бывший централизованно планируемой экономикой", "RU"
"155", "Вануату", "RU"
"97", "Венгрия", "RU"
"236", "Венесуэла (Боливарианская Республика)", "RU"
"240", "Виргинские острова (США)", "RU"
"337", "Восточной и Юго-Восточной Азии", "RU"
"237", "Вьетнам", "RU"
"74", "Габон", "RU"
"93", "Гаити", "RU"
"91", "Гайана", "RU"
"75", "Гамбия", "RU"
"81", "Гана", "RU"
"87", "Гваделупа", "RU"
"89", "Гватемала", "RU"
"90", "Гвинея", "RU"
"175", "Гвинея-Бисау", "RU"
"79", "Германия", "RU"
"77", "Германия, новый ландер", "RU"
"274", "Гернси", "RU"
"82", "Гибралтар", "RU"
"151", "Голландские Антиллы", "RU"
"95", "Гондурас", "RU"
"86", "Гренада", "RU"
"85", "Гренландия", "RU"
"84", "Греция", "RU"
"73", "Грузия", "RU"
"88", "Гуам", "RU"
"54", "Дания", "RU"
"250", "Демократическая Республика Конго", "RU"
"72", "Джибути", "RU"
"55", "Доминика", "RU"
"56", "Доминиканская Республика", "RU"
"358", "Другие развитые страны", "RU"
"5706", "Европейский союз", "RU"
"59", "Египет", "RU"
"251", "Замбия", "RU"
"205", "Западная Сахара", "RU"
"245", "Западный берег (Иордана)", "RU"
"181", "Зимбабве", "RU"
"105", "Израиль", "RU"
"100", "Индия", "RU"
"101", "Индонезия", "RU"
"112", "Иордания", "RU"
"103", "Ирак", "RU"
"102", "Иран (Исламская Республика)", "RU"
"104", "Ирландия", "RU"
"99", "Исландия", "RU"
"203", "Испания", "RU"
"106", "Италия", "RU"
"249", "Йемен", "RU"
"246", "Йемен, арабская республика", "RU"
"247", "Йемен, демократический", "RU"
"35", "Кабо-Верде", "RU"
"108", "Казахстан", "RU"
"36", "Каймановы острова", "RU"
"115", "Камбоджа", "RU"
"32", "Камерун", "RU"
"33", "Канада", "RU"
"179", "Катар", "RU"
"114", "Кения", "RU"
"50", "Кипр", "RU"
"83", "Кирибати", "RU"
"41", "Китай", "RU"
"351", "Китай", "RU"
"357", "Китай", "RU"
"96", "Китай, Специальный административный район Гонконг", "RU"
"128", "Китай, Специальный административный район Макао", "RU"
"43", "Кокосовые острова", "RU"
"44", "Колумбия", "RU"
"45", "Коморские Острова", "RU"
"46", "Конго", "RU"
"116", "Корейская Народно- Демократическая Республика", "RU"
"48", "Коста-Рика", "RU"
"107", "Кот-д'Ивуар", "RU"
"49", "Куба", "RU"
"118", "Кувейт", "RU"
"113", "Кыргызстан", "RU"
"120", "Лаосская Народно- Демократическая Республика", "RU"
"119", "Латвия", "RU"
"315", "Латинской Америки и Карибского бассейна", "RU"
"122", "Лесото", "RU"
"123", "Либерия", "RU"
"121", "Ливан", "RU"
"124", "Ливийская Арабская Джамахирия", "RU"
"126", "Литва", "RU"
"125", "Лихтенштейн", "RU"
"256", "Люксембург", "RU"
"137", "Маврикий", "RU"
"136", "Мавритания", "RU"
"129", "Мадагаскар", "RU"
"270", "Майотте", "RU"
"130", "Малави", "RU"
"131", "Малайзия", "RU"
"133", "Мали", "RU"
"232", "Малые Дальные остова США", "RU"
"132", "Мальдивы", "RU"
"134", "Мальта", "RU"
"143", "Марокко", "RU"
"135", "Мартиника", "RU"
"127", "Маршалловы Острова", "RU"
"138", "Мексика", "RU"
"145", "Микронезия (Федеративные Штаты)", "RU"
"362", "Мир", "RU"
"144", "Мозамбик", "RU"
"140", "Монако", "RU"
"141", "Монголия", "RU"
"142", "Монтсеррат", "RU"
"28", "Мьянма", "RU"
"147", "Намибия", "RU"
"148", "Науру", "RU"
"152", "нейтральная зона", "RU"
"149", "Непал", "RU"
"158", "Нигер", "RU"
"159", "Нигерия", "RU"
"150", "Нидерланды", "RU"
"157", "Никарагуа", "RU"
"160", "Ниуэ", "RU"
"156", "Новая Зеландия", "RU"
"153", "Новая Каледония", "RU"
"162", "Норвегия", "RU"
"259", "Нормандские острова", "RU"
"215", "Объединенная Республика Танзания", "RU"
"225", "Объединенные Арабские Эмираты", "RU"
"299", "Оккупированные Палестинские Территории", "RU"
"221", "Оман", "RU"
"31", "Остров Буве", "RU"
"111", "Остров Джонстон", "RU"
"139", "Остров Мидуэй", "RU"
"264", "Остров Мэн", "RU"
"161", "Остров Норфолк", "RU"
"42", "остров Рождества", "RU"
"187", "остров Святой Елены", "RU"
"242", "остров Уэйк", "RU"
"92", "Остров Херд и остров МакДональд", "RU"
"34", "Острова Кантон и Эндербери", "RU"
"47", "Острова Кука", "RU"
"172", "Острова Питкэрн", "RU"
"260", "Острова Свальбард и Ян-Майен", "RU"
"224", "Острова Теркс и Кайкос", "RU"
"165", "Пакистан", "RU"
"180", "Палау", "RU"
"166", "Панама", "RU"
"168", "Папуа-Новая Гвинея", "RU"
"169", "Парагвай", "RU"
"170", "Перу", "RU"
"164", "Подопечная территория Тихоокеанских островов", "RU"
"173", "Польша", "RU"
"174", "Португалия", "RU"
"214", "Провинция Китая Тайвань", "RU"
"177", "Пуэрто-Рико", "RU"
"355", "Развивающиеся страны", "RU"
"354", "Развитым странам", "RU"
"117", "Республика Корея", "RU"
"146", "Республика Молдова", "RU"
"182", "Реюньон", "RU"
"185", "Российская Федерация", "RU"
"184", "Руанда", "RU"
"183", "Румыния", "RU"
"60", "Сальвадор", "RU"
"244", "Самоа", "RU"
"192", "Сан-Марино", "RU"
"193", "Сан-Томе и Принсипи", "RU"
"194", "Саудовская Аравия", "RU"
"209", "Свазиленд", "RU"
"94", "Святейший престол", "RU"
"196", "Сейшельские Острова", "RU"
"76", "Сектор Газа (Палестина)", "RU"
"195", "Сенегал", "RU"
"190", "Сен-Пьер и Микелон", "RU"
"191", "Сент-Винсент и Гренадины", "RU"
"188", "Сент-Китс и Невис", "RU"
"189", "Сент-Люсия", "RU"
"272", "Сербия", "RU"
"186", "Сербия Черногория", "RU"
"200", "Сингапур", "RU"
"212", "Сирийская Арабская Республика", "RU"
"199", "Словакия", "RU"
"198", "Словения", "RU"
"163", "Содружество Северных Марианских островов", "RU"
"229", "Соединенное Королевство", "RU"
"231", "Соединенные Штаты Америки", "RU"
"25", "Соломоновы Острова", "RU"
"201", "Сомали", "RU"
"228", "СССР", "RU"
"206", "Судан", "RU"
"207", "Суринам", "RU"
"197", "Сьерра-Леоне", "RU"
"208", "Таджикистан", "RU"
"216", "Таиланд", "RU"
"176", "Тимор-Лешти", "RU"
"217", "Того", "RU"
"218", "Токелау", "RU"
"219", "Тонга", "RU"
"220", "Тринидад и Тобаго", "RU"
"227", "Тувалу", "RU"
"222", "Тунис", "RU"
"213", "Туркменистан", "RU"
"223", "Турция", "RU"
"226", "Уганда", "RU"
"235", "Узбекистан", "RU"
"230", "Украина", "RU"
"243", "Уоллис и Футуна острова", "RU"
"234", "Уругвай", "RU"
"64", "Фарерские острова", "RU"
"78", "Федеральная Республика Германии", "RU"
"66", "Фиджи", "RU"
"171", "Филиппины", "RU"
"67", "Финляндия", "RU"
"65", "Фолклендские острова", "RU"
"68", "Франция", "RU"
"69", "Французкая Гвиана", "RU"
"70", "Французкая Полинезия", "RU"
"71", "Французские Южные и Арктические Территории", "RU"
"98", "Хорватия", "RU"
"37", "Центральноафриканская Республика", "RU"
"39", "Чад", "RU"
"273", "Черногория", "RU"
"51", "Чехословакия", "RU"
"167", "Чешская республика", "RU"
"40", "Чили", "RU"
"211", "Швейцария", "RU"
"210", "Швеция", "RU"
"38", "Шри-Ланка", "RU"
"58", "Эквадор", "RU"
"61", "Экваториальная Гвинея", "RU"
"178", "Эритрея", "RU"
"63", "Эстония", "RU"
"238", "Эфиопия", "RU"
"62", "Эфиопия НДР", "RU"
"248", "Югославия СФР", "RU"
"202", "Южная Африка", "RU"
"271", "Южная Георгия и Южные Сандвичевы острова", "RU"
"323", "Южной Азии", "RU"
"109", "Ямайка", "RU"
"110", "Япония", "RU"